"key";"en";"ru"
"*Orders after 1pm will start processing the next day";"*Orders after 1pm will start processing the next day";""
"-A deck must contain 50 cards. -You may include up to 4 copies of any card with the same name in your deck. -Shuffle your deck and place it in your Deck Area. -Draw 5 cards as your starting hand. -You may mulligan once by placing your hand to the bottom of your deck, then draw 5 new cards. Shuffle your deck afterwards. -Place the top 4 cards of your deck face-down into your Guardian Area. -Each player start with 500 Tamer Points.";"-A deck must contain 50 cards.
-You may include up to 4 copies of any card with the same name in your deck.
-Shuffle your deck and place it in your Deck Area.
-Draw 5 cards as your starting hand.
-You may mulligan once by placing your hand to the bottom of your deck, then draw 5 new cards. Shuffle your deck afterwards.
-Place the top 4 cards of your deck face-down into your Guardian Area.
-Each player start with 500 Tamer Points.";""
"-At the start of your turn, draw 1 card. -You may play Tetramon card by placing it into one of the Elemental Areas. -When a card is played, its Play Effect will be triggered. -An Evolution Card may only be played by placing it on top of the Tetramon it evolves from. -Basic Tetramon cannot evolve on the turn it is played. -You can evolve as many times as you like during your turn. -You may only play Basic Card in the same Elemental Area once per turn. -When playing a Basic Card, discard any cards currently on that Elemental Area before placing the new card.";"-At the start of your turn, draw 1 card.
-You may play Tetramon card by placing it into one of the Elemental Areas.
-When a card is played, its Play Effect will be triggered. 
-An Evolution Card may only be played by placing it on top of the Tetramon it evolves from.
-Basic Tetramon cannot evolve on the turn it is played.
-You can evolve as many times as you like during your turn.
-You may only play Basic Card in the same Elemental Area once per turn.
-When playing a Basic Card, discard any cards currently on that Elemental Area before placing the new card.";""
"-Can sell old shelf";"-Can sell old shelf";""
"-Cloud save & achievement";"-Cloud save & achievement";""
"-Collecting card will give you 1 pts for every 10 fame on the card";"-Collecting card will give you 1 pts for every 10 fame on the card";""
"-Collecting cards will give points";"-Collecting cards will give points";""
"-Controller support & keybind";"-Controller support & keybind";""
"-Customer review app";"-Customer review app";""
"-Customer trade cards";"-Customer trade cards";""
"-Difficulty mode";"-Difficulty mode";""
"-Each shop upgrade will give 10 pts";"-Each shop upgrade will give 10 pts";""
"-Each time a player's Tamer Points reach 400, 300, 200, or 100, that player takes 1 card from the top of their Guardian Area and adds it to their hand.";"-Each time a player's Tamer Points reach 400, 300, 200, or 100, that player takes 1 card from the top of their Guardian Area and adds it to their hand.";""
"-Every 100 customer purchase made give 1 point";"-Every 100 customer purchase made give 1 point";""
"-Every 100 customer visit give 1 point";"-Every 100 customer visit give 1 point";""
"-Grading card";"-Grading card";""
"-Hire worker for automation";"-Hire worker for automation";""
"-Host game able to edt format";"-Host game able to edt format";""
"-Item & card price change daily";"-Item & card price change daily";""
"-More TCG types";"-More TCG types";""
"-More shelf & table types";"-More shelf & table types";""
"-More shop product types";"-More shop product types";""
"-Opening card packs will give pts";"-Opening card packs will give pts";""
"-Organize tournament";"-Organize tournament";""
"-Playable TCG";"-Playable TCG";""
"-Random events may occur";"-Random events may occur";""
"-Rent and bill";"-Rent and bill";""
"-Selling item will give you 1 pts for every 100 item weight";"-Selling item will give you 1 pts for every 100 item weight";""
"-Shop decoration";"-Shop decoration";""
"-The first player to reduce their opponent s Tamer Points to 0 wins the game.";"-The first player to reduce their opponent’s Tamer Points to 0 wins the game.";""
"-Unlocking and upgrading shelf, vehicle, or items will give points";"-Unlocking and upgrading shelf, vehicle, or items will give points";""
"-Unlocking shop room, unlocking and upgrading shelf will give pts";"-Unlocking shop room, unlocking and upgrading shelf will give pts";""
"-Warehouse room";"-Warehouse room";""
"-When you have finished playing cards, you may end your Main Phase and proceed to the Attack Phase. -The starting player skips the Attack Phase on their first turn. -Attack power is determined by the combined Elemental Power of your Tetramon and the Elemental Area they are placed on.";"-When you have finished playing cards, you may end your Main Phase and proceed to the Attack Phase.
-The starting player skips the Attack Phase on their first turn.
-Attack power is determined by the combined Elemental Power of your Tetramon and the Elemental Area they are placed on.";""
"... ...";"... ...";""
"... Bye ...";"... Bye ...";""
"100 Cards";"100 Cards";""
"1st";"1st";""
"1st Attack";"1st";""
"1st Edition";"1st Edition";""
"2X2 Cabinet";"2X2 Cabinet";""
"2nd";"2nd";""
"2nd Attack";"2nd";""
"3rd";"3rd";""
"A battle worth remembering. Thanks for the duel.";"A battle worth remembering. Thanks for the duel.";""
"A different existing game account is found.";"A different existing game account is found.";""
"A save file already exists. Do you want to delete the save file and start a new shop?";"A save file already exists. Do you want to delete the save file and start a new shop?";""
"ACCEPTED!";"ACCEPTED!";""
"Accept";"Accept";""
"Accessories";"Accessories";""
"Accessory";"Accessory";""
"Achievement";"Achievement";""
"Activate";"Activate";""
"Activated";"Activated";""
"Add";"Add";""
"Add Card";"Add Card";""
"Add Item";"Add Item";""
"Add To Cart";"Add To Cart";""
"Add XXX Freeze Counter to opponent. If there are YYY or more Freeze Counter, remove them all, your opponent's Tetramon cannot attack next turn.";"Add XXX Freeze Counter to opponent. If there are YYY or more Freeze Counter, remove them all, your opponent's Tetramon cannot attack next turn.";""
"Add XXX Tamer Shield for each Guardian card you've taken.";"Add XXX Tamer Shield for each Guardian card you've taken.";""
"Add XXX Tamer Shield that blocks damage from your opponent's attack.";"Add XXX Tamer Shield that blocks damage from your opponent's attack.";""
"Add the item by tapping this button.";"Add the item by tapping this button.";""
"Adventurous";"Adventurous";""
"Advertisement";"Advertisement";""
"Aetheria";"Aetheria";""
"Aetheria RPG";"Aetheria RPG";""
"Aetheria RPG Pack";"Aetheria RPG Card Pack";""
"Affection";"Affection";""
"Affluent";"Affluent";""
"Album Next 10 Page";"Album Next 10 Page";""
"Album Next Page";"Album Next Page";""
"Album Previous 10 Page";"Album Previous 10 Page";""
"Album Previous Page";"Album Previous Page";""
"All";"All";""
"All element deals XXX extra damage this turn";"All element deals XXX extra damage this turn";""
"All foil cards might XXX price";"All foil cards might XXX price";""
"All non-foil cards might XXX price";"All non-foil cards might XXX price";""
"Alpha";"Alpha";""
"Already Claimed";"Already Claimed";""
"Already Purchased";"Already Purchased";""
"Already claimed";"Already claimed";""
"Already joined tournament";"Already joined tournament";""
"Already purchased";"Already purchased";""
"Alright no worries. Let me know if you change your mind.";"Alright no worries. Let me know if you change your mind.";""
"Alright, alright. You win this time.";"Alright, alright. You win this time.";""
"Amneshark";"Amneshark";""
"Amnesilla";"Amnesilla";""
"Amount";"Amount";""
"Ancient Hammer";"Ancient Hammer";""
"Angez";"Angez";""
"Anguifish";"Anguifish";""
"Anxious";"Anxious";""
"Any Rarity";"Any Rarity";""
"Anyone know where is table XXX?";"Anyone know where is table XXX?";""
"Apply";"Apply";""
"April";"April";""
"Aquariff";"Aquariff";""
"Arc Missile";"Arc Missile";""
"Arcade Claw";"Arcade Claw";""
"Arcade Machine";"Arcade Machine";""
"Archer";"Archer";""
"Architect";"Architect";""
"Are you sure about quiting the match?";"Are you sure about quiting the match?";""
"Are you sure about selling XXX for YYY?";"Are you sure about selling XXX for YYY?";""
"Are you sure?";"Are you sure?";""
"Arena";"Arena";""
"Argh, my strategy fell apart way too easily!";"Argh, my strategy fell apart way too easily!";""
"Armored Slime";"Armored Slime";""
"Arrow Sign YYY";"Arrow Sign YYY";""
"Artist";"Artist";""
"Ascension";"Ascension";""
"Ascension Card Pack";"Ascension Card Pack";""
"Ask Price";"Ask Price";""
"Astronaut";"Astronaut";""
"Attack";"Attack";""
"Attack Phase";"Attack Phase";""
"Attack Power";"Attack Power";""
"August";"August";""
"Auto";"Auto";""
"Auto Next Card";"Auto Next Card";""
"Auto Save";"Auto Save";""
"Auto Scent G500";"Auto Scent G500";""
"Auto Scent M100";"Auto Scent M100";""
"Auto Scent T1000";"Auto Scent T1000";""
"Automatically opens card packs. Holds up to 128 packs at a time.";"Automatically opens card packs. Holds up to 128 packs at a time.";""
"Automatically opens card packs. Holds up to 32 packs at a time.";"Automatically opens card packs. Holds up to 32 packs at a time.";""
"Automatically opens card packs. Holds up to 64 packs at a time.";"Automatically opens card packs. Holds up to 64 packs at a time.";""
"Automatically sprays when bad odour is detected. Holds up to 2 Cleanser.";"Automatically sprays when bad odour is detected. Holds up to 2 Cleanser.";""
"Automatically sprays when bad odour is detected. Holds up to 4 Cleanser.";"Automatically sprays when bad odour is detected. Holds up to 4 Cleanser.";""
"Automatically sprays when bad odour is detected. Holds up to 7 Cleanser.";"Automatically sprays when bad odour is detected. Holds up to 7 Cleanser.";""
"Available on Full Version";"Available on Full Version";""
"Avg Cost";"Avg Cost";""
"Axe";"Axe";""
"Axe Warrior";"Axe Warrior";""
"Back";"Back";""
"Backward";"Backward";""
"Barber";"Barber";""
"Barrage Missile";"Barrage Missile";""
"Barrage Missle";"Barrage Miss";""
"Barrel Hammer";"Barrel Hammer";""
"Bartender";"Bartender";""
"Bashful";"Bashful";""
"Basic";"Basic";""
"Basic Card Box";"Basic Card Box";""
"Basic Card Pack";"Basic Card Pack";""
"Basic Destiny Box";"Basic Destiny Box";""
"Basic Destiny Pack";"Basic Destiny Pack";""
"Basic Foil Pack";"Basic Foil Pack";""
"Basilisk";"Basilisk";""
"Batrang";"Batrang";""
"Battle";"Battle";""
"Battle Chip";"Battle Chip";""
"Beakai";"Beakai";""
"Beginner Player";"Beginner Player";""
"Below Max Price";"Below Max Price";""
"Best Value";"Best Value";""
"Beta";"Beta";""
"Better luck next time!";"Better luck next time!";""
"Big Card Display";"Big Card Display";""
"Big Personal Shelf";"Big Personal Shelf";""
"Big Shelf";"Big Shelf";""
"Big Warehouse Shelf";"Big Warehouse Shelf";""
"Bill Payment";"Bill Payment";""
"Black";"Black";""
"Blacksmith";"Blacksmith";""
"Blank";"Blank";""
"Blazoar";"Blazoar";""
"Blazoar Plushie";"Blazoar Plushie";""
"Blazoar Statue";"Blazoar Statue";""
"Blitz";"Blitz";""
"Blue";"Blue";""
"Bodybuilder";"Bodybuilder";""
"Bogon";"Bogon";""
"Bolt";"Bolt";""
"Bonfiox";"Bonfiox";""
"Bonfiox Plushie";"Bonfiox Plushie";""
"Bonsai";"Bonsai";""
"Bonus";"Bonus";""
"Bonus received! Morale +10!";"Bonus received! Morale +10!";""
"Boost Earth elemental power by XXX for each Guardian card you've taken.";"Boost Earth elemental power of this card by XXX for each Guardian card you've taken.";""
"Boost Earth elemental power by XXX this turn.";"Boost Earth elemental power by XXX this turn.";""
"Boost Earth elemental power by XXX this turn. If you have active Tamer Shield, boost YYY instead.";"Boost Earth elemental power by XXX this turn. If you have active Tamer Shield, boost YYY instead.";""
"Boost Earth elemental power of this card by XXX for each Guardian card you've taken.";"Boost Earth elemental power of this card by XXX for each Guardian card you've taken.";""
"Boost Earth elemental power of this card by XXX this turn.";"Boost Earth elemental power of this card by XXX this turn.";""
"Boost Fire elemental power by XXX for each card you discarded this turn.";"Boost Fire elemental power by XXX for each card you discarded this turn.";""
"Boost Fire elemental power by XXX this turn.";"Boost Fire elemental power by XXX this turn.";""
"Boost Fire elemental power of this card by XXX for each card in your deck.";"Boost Fire elemental power of this card by XXX for each card in your deck.";""
"Boost Fire elemental power of this card by XXX for every YYY cards in your discard pile.";"Boost Fire elemental power of this card by XXX for every YYY cards in your discard pile.";""
"Boost Fire elemental power of this card by XXX this turn.";"Boost Fire elemental power of this card by XXX this turn.";""
"Boost Water elemental power by XXX for each Guardian card you've taken.";"Boost Water elemental power of this card by XXX for each Guardian card you've taken.";""
"Boost Water elemental power by XXX this turn.";"Boost Water elemental power by XXX this turn.";""
"Boost Water elemental power by XXX this turn. If you have YYY or more cards in your discard pile, boost ZZZ instead.";"Boost Water elemental power by XXX this turn. If you have YYY or more cards in your discard pile, boost ZZZ instead.";""
"Boost Water elemental power of this card by XXX for each Freeze Counter on your opponent.";"Boost Water elemental power of this card by XXX for each Freeze Counter on your opponent.";""
"Boost Water elemental power of this card by XXX for each Guardian card you've taken.";"Boost Water elemental power of this card by XXX for each Guardian card you've taken.";""
"Boost Water elemental power of this card by XXX for each card in your hand.";"Boost Water elemental power of this card by XXX for each card in your hand.";""
"Boost Water elemental power of this card by XXX this turn.";"Boost Water elemental power of this card by XXX this turn.";""
"Boost Wind elemental power by XXX this turn.";"Boost Wind elemental power by XXX this turn.";""
"Boost Wind elemental power by XXX this turn. Boost by YYY instead if Talontsu or Talonryu is on your field.";"Boost Wind elemental power by XXX this turn. Boost by YYY instead if Talontsu or Talonryu is on your field.";""
"Boost Wind elemental power of this card by XXX this turn.";"Boost Wind elemental power of this card by XXX this turn.";""
"Boost active elemental power of this card by XXX for each Guardian card you've taken.";"Boost active elemental power of this card by XXX for each Guardian card you've taken.";""
"Boost active elemental power of this card by XXX for every YYY cards in your opponent's discard pile.";"Boost active elemental power of this card by XXX for every YYY cards in your opponent's discard pile.";""
"Boost active elemental power of this card by XXX this turn.";"Boost active elemental power of this card by XXX this turn.";""
"Boost active elemental power of this card by XXX this turn. Boost by YYY instead if Talonika is on your field.";"Boost active elemental power of this card by XXX this turn. Boost by YYY instead if Talonika is on your field.";""
"Booster";"Booster";""
"Booster Packs";"Booster Packs";""
"Borderless Full Art";"Borderless Full Art";""
"Bored";"Bored";""
"Boredom";"Boredom";""
"Both players discard XXX cards from the top of their deck. Boost active elemental power of this card by the same elemental power of all the discarded card.";"Both players discard XXX cards from the top of their deck. Boost active elemental power of this card by the same elemental power of all the discarded card.";""
"Both players discard the top XXX cards of their deck.";"Both players discard the top XXX cards of their deck.";""
"Both players draw cards from their deck until they have XXX cards on their hand.";"Both players draw cards from their deck until they have XXX cards on their hand.";""
"Both players shuffle their hand into their deck. Then, both players draw XXX cards.";"Both players shuffle their hand into their deck. Then, both players draw XXX cards.";""
"Both players shuffle their hand into their deck. Then, you draw XXX cards, and your opponent draws YYY cards.";"Both players shuffle their hand into their deck. Then, you draw XXX cards, and your opponent draws YYY cards.";""
"Bought";"Bought";""
"Bought Card";"Bought Card";""
"Bought Item";"Bought Item";""
"Bouncer";"Bouncer";""
"Bountiful";"Bountiful";""
"Box Shelf";"Box Shelf";""
"Box Spawn Limit";"Box Spawn Limit";""
"Box Up";"Box Up";""
"Box Up Decorate";"Box Up / Decorate";""
"Box has no item in it";"Box has no item in it";""
"Box has no more space";"Box has no more space";""
"Boxing Glove";"Boxing Glove";""
"Braveheart";"Braveheart";""
"Brush";"Brush";""
"Budwing";"Budwing";""
"Build";"Build";""
"Build Complete";"Build Complete";""
"Build Time";"Build Time";""
"Built";"Built";""
"Bulk Box";"Bulk Box";""
"Bulk Card Bundle";"Bulk Card Bundle";""
"Bulk Donation Box";"Bulk Donation Box";""
"Bumblebee";"Bumblebee";""
"Bundle Cards";"Bundle Cards";""
"Bundle up your jank cards here, you can sell them as bulk on the shelf.";"Bundle up your jank cards here, you can sell them as bulk on the shelf.";""
"Burpig";"Burpig";""
"Burpig Figurine";"Burpig Figurine";""
"Burpig Statue";"Burpig Statue";""
"Buy Card";"Buy Card";""
"Buy Price";"Buy Price";""
"Buy a Card Shelf and put it in the shop";"Buy a Card Shelf and put it in the shop";""
"Buy a Card Table and put it in the shop";"Buy a Card Table and put it in the shop";""
"Buy a Play Table and put it in the shop";"Buy a Play Table and put it in the shop";""
"Buy buy buy!!";"Buy buy buy!!";""
"Buzzeed";"Buzzeed";""
"CARD INFO";"CARD INFO";""
"CARD ZONES";"CARD ZONES";""
"Camera";"Camera";""
"Camera FOV";"Camera FOV";""
"Can only put Bulk Box here";"Can only put Bulk Box here";""
"Can only put item on this shelf";"Can only put item on this shelf";""
"Can only refill with Cleanser";"Can only refill with Cleanser";""
"Can only refill with card pack";"Can only refill with card pack";""
"Can only store box on this shelf";"Can only store box on this shelf";""
"Can only store empty box";"Can only store empty box";""
"Can't decide if I really want this.";"Can't decide if I really want this.";""
"Can't sell the only Cash Counter";"Can't sell the only Cash Counter";""
"Can't side on this side";"Can't side on this side";""
"Can't sit on this side";"Can't sit on this side";""
"Can't throw the only Cash Counter";"Can't throw the only Cash Counter";""
"Cancel";"Cancel";""
"Cancel Join";"Cancel Join";""
"Cancel Tournament";"Cancel Tournament";""
"Canceling will reset the registered players. Are you sure about canceling the tournament?";"Canceling will reset the registered players.
Are you sure about canceling the tournament?";""
"Cannot add while machine is running";"Cannot add while machine is running";""
"Cannot mix different box sizes";"Cannot mix different box sizes";""
"Cannot mix different items in box";"Cannot mix different items in box";""
"Cannot mix different items on shelf";"Cannot mix different items on shelf";""
"Cannot modify deck after tournament started";"Cannot modify deck after tournament started";""
"Cannot move while customer in queue";"Cannot move while customer in queue";""
"Cannot open shop yet";"Cannot open shop yet";""
"Cannot remove table number during tournament";"Cannot remove table number during tournament";""
"Cannot store empty box";"Cannot store empty box";""
"Cannot store package box with this size";"Cannot store package box with this size";""
"Cannot withdraw during the tournament";"Cannot withdraw during the tournament";""
"Capacity";"Capacity";""
"Capitalist";"Capitalist";""
"Card Album";"Card Album";""
"Card Collector";"Card Collector";""
"Card Display";"Card Display";""
"Card Display Case";"Card Display Case";""
"Card Display Table";"Card Display Table";""
"Card Earning";"Card Earning";""
"Card Expansion";"Card Expansion";""
"Card Holder";"Card Holder";""
"Card Name";"Card Name";""
"Card Preserver";"Card Preserver";""
"Card Projector";"Card Projector";""
"Card Projector L";"Card Projector L";""
"Card Projector M";"Card Projector M";""
"Card Projector S";"Card Projector S";""
"Card Projector XL";"Card Projector XL";""
"Card Shelf";"Card Shelf";""
"Card Sleeves (Clear)";"Card Sleeves (Clear)";""
"Card Sleeves (Earth)";"Card Sleeves (Earth)";""
"Card Sleeves (Fire)";"Card Sleeves (Fire)";""
"Card Sleeves (Tetramon)";"Card Sleeves (Tetramon)";""
"Card Sleeves (Water)";"Card Sleeves (Water)";""
"Card Sleeves (Wind)";"Card Sleeves (Wind)";""
"Card Slot";"Card Slot";""
"Card Sold";"Card Sold";""
"Card Storage Shelf";"Card Storage Shelf";""
"Card Storage Shelf required to restock card";"Card Storage Shelf required to restock card";""
"Card Table";"Card Table";""
"Card Trade";"Card Trade";""
"Card Value";"Card Value";""
"Card Wall Display";"Card Wall Display";""
"Card packs and cards from Tetramon TCG might XXX price";"Card packs and cards from Tetramon TCG might XXX price";""
"Cards";"Cards";""
"Cards Collected";"Cards Collected";""
"Cards In Album :";"Cards In Album :";""
"Cards Obtained";"Cards Obtained";""
"Cards with EX border might XXX price";"Cards with EX border might XXX price";""
"Cards with Earth element might XXX price";"Cards with Earth element might XXX price";""
"Cards with Fire element might XXX price";"Cards with Fire element might XXX price";""
"Cards with First Edition border might XXX price";"Cards with First Edition border might XXX price";""
"Cards with Gold border might XXX price";"Cards with Gold border might XXX price";""
"Cards with Silver border might XXX price";"Cards with Silver border might XXX price";""
"Cards with Water element might XXX price";"Cards with Water element might XXX price";""
"Cards with Wind element might XXX price";"Cards with Wind element might XXX price";""
"Cards with certain border might XXX price";"Cards with certain border might XXX price";""
"Cards with certain element might XXX price";"Cards with certain element might XXX price";""
"Cards with full art might XXX price";"Cards with full art might XXX price";""
"Cart is empty";"Cart is empty";""
"Cash Balance :";"Cash Balance : ";""
"Cashier Lock Movement";"Cashier Lock Movement";""
"Casual";"Casual";""
"Casual Player";"Casual Player";""
"Cat Mage";"Cat Mage";""
"Cat Pirate";"Cat Pirate";""
"Cat Thief";"Cat Thief";""
"Ceiling";"Ceiling";""
"Ceiling YYY";"Ceiling YYY";""
"Center Dot";"Center Dot";""
"Certain card packs or cards might XXX price";"Certain card packs or cards might XXX price";""
"Chain Gun";"Chain Gun";""
"Champion";"Champion";""
"Champion Card";"Champion Card";""
"Championship";"Championship";""
"Change";"Change";""
"Change Grade";"Change Grade";""
"Channel";"Channel";""
"Charge";"Charge";""
"Charging";"Charging";""
"Cheap XXX. What a bargain!";"Cheap XXX. What a bargain!";""
"Cheap card. What a bargain!";"Cheap card. What a bargain!";""
"Check Submission Status";"Check Submission Status";""
"Checkout";"Checkout";""
"Checkout Counter";"Checkout Counter";""
"Checkout Speed :";"Checkout Speed :";""
"Checkout Speed:";"Checkout Speed:";""
"Chill Missile";"Chill Missile";""
"Choose";"Choose";""
"Choose Turn Order";"Choose Turn Order";""
"Claim";"Claim";""
"Claim!";"Claim!";""
"Clamigo";"Clamigo";""
"Clawaken";"Clawaken";""
"Clawcifear";"Clawcifear";""
"Clawdos";"Clawdos";""
"Clawop";"Clawop";""
"Clawvenger";"Clawvenger";""
"Cleanser";"Cleanser";""
"Clear";"Clear";""
"Clingy";"Clingy";""
"Close";"Close";""
"Close Album";"Close Album";""
"Close Box";"Close Box";""
"Close Phone";"Close Phone";""
"Cloud Save";"Cloud Save";""
"Cold Shoulder";"Cold Shoulder";""
"Collect";"Collect";""
"Collect All";"Collect All";""
"Collected";"Collected";""
"Collected XXX Destiny card in album!";"Collected XXX Destiny card in album!";""
"Collected XXX Ghost card in album!";"Collected XXX Ghost card in album!";""
"Collected XXX Tetramon card in album!";"Collected XXX Tetramon card in album!";""
"Collection";"Collection";""
"Collection Book";"Collection Book";""
"Collector";"Collector";""
"Collectors Album";"Collectors Album";""
"Color";"Color";""
"Come back when your deck stops embarrassing you.";"Come back when your deck stops embarrassing you.";""
"Comes with scanner device designed for stock management";"Comes with scanner device designed for stock management";""
"Comic Vol 1";"Comic Vol 1";""
"Comic Vol 10";"Comic Vol 10";""
"Comic Vol 11";"Comic Vol 11";""
"Comic Vol 12";"Comic Vol 12";""
"Comic Vol 2";"Comic Vol 2";""
"Comic Vol 3";"Comic Vol 3";""
"Comic Vol 4";"Comic Vol 4";""
"Comic Vol 5";"Comic Vol 5";""
"Comic Vol 6";"Comic Vol 6";""
"Comic Vol 7";"Comic Vol 7";""
"Comic Vol 8";"Comic Vol 8";""
"Comic Vol 9";"Comic Vol 9";""
"Coming Soon";"Coming Soon";""
"Common";"Common";""
"Common pack and card price might XXX";"Common pack and card price might XXX";""
"Competitive";"Competitive";""
"Completed";"Completed";""
"Completed!";"Completed!";""
"Composer";"Composer";""
"Confirm";"Confirm";""
"Confirm Event";"Confirm Event";""
"Confirm Name";"Confirm Name";""
"Confirm shop name?";"Confirm shop name?";""
"Connect";"Connect";""
"Connect Error";"Connect Error";""
"Connecting";"Connecting...";""
"Connection Problem";"Connection Problem";""
"Connection error";"Connection error";""
"Connoisseur";"Connoisseur";""
"Construction";"Construction";""
"Contains at least:";"Contains at least:";""
"Continue";"Continue";""
"Control";"Control";""
"Cook";"Cook";""
"Copy";"Copy";""
"Corner Shelf";"Corner Shelf";""
"Cost";"Cost";""
"Cost :";"Cost : ";""
"Cost Highest";"Cost Highest";""
"Cost Lowest";"Cost Lowest";""
"Cost Per Card";"Cost Per Card";""
"CouchPotato";"Couch Potato";""
"Counter";"Counter";""
"Crablox";"Crablox";""
"Crazy. Who's gonna buy XXX at this price!?";"Crazy. Who's gonna buy XXX at this price!?";""
"Crazy. Who's gonna buy at this price!?";"Crazy. Who's gonna buy at this price!?";""
"Create a shield to block XXX damage";"Create a shield to block XXX damage";""
"Create a shield to block XXX damage, then draw YYY card";"Create a shield to block XXX damage, then draw YYY card";""
"Creator";"Creator";""
"Crescent Claw";"Crescent Claw";""
"Crescent Machete";"Crescent Machete";""
"Crimson Wheel";"Crimson Wheel";""
"Crobib";"Crobib";""
"Crorathian";"Crorathian";""
"Crosilisk";"Crosilisk";""
"Cross";"Cross";""
"Crouch";"Crouch";""
"Cryo Blaster";"Cryo Blaster";""
"Curious";"Curious";""
"Currency";"Currency";""
"Currency Exchange";"Currency Exchange";""
"Current Earning :";"Current Earning :";""
"Current Game Event";"Current Game Event";""
"Current Page Value";"Current Page Value";""
"Current Task:";"Current Task:";""
"Current Version :";"Current Version :";""
"Current meta doesn't favour my deck at all...";"Current meta doesn't favour my deck at all...";""
"Custom";"Custom";""
"Customer";"Customer";""
"Customer Data";"Customer Data";""
"Customer Giving";"Customer Giving";""
"Customer Offer";"Customer Offer";""
"Customer Selling";"Customer Selling";""
"Customer Want";"Customer Want";""
"CustomerReview/A little expensive to play here but ok I guess";"A little expensive to play here but ok I guess";""
"CustomerReview/A little smelly at XXX, I don't really like it.";"A little smelly at XXX, I don't really like it.";""
"CustomerReview/A little smelly but bearable I guess.";"A little smelly but bearable I guess.";""
"CustomerReview/A lot of rare cards here";"A lot of rare cards here";""
"CustomerReview/A missing prize turned a great day into a bad memory.";"A missing prize turned a great day into a bad memory.";""
"CustomerReview/A simple promise should have been easy to keep.";"A simple promise should have been easy to keep.";""
"CustomerReview/A tournament is only as good as the organizers' integrity.";"A tournament is only as good as the organizers' integrity.";""
"CustomerReview/Absolute peak TCG experience";"Absolute peak TCG experience";""
"CustomerReview/Absolutely a steal for YYY! Didn't expect that price here.";"Absolutely a steal for YYY! Didn't expect that price here.";""
"CustomerReview/Alright pricing, could be cheaper.";"Alright pricing, could be cheaper.";""
"CustomerReview/Alright pricing, singles could be cheaper.";"Alright pricing, singles could be cheaper.";""
"CustomerReview/Amazing experience, got everything I wanted";"Amazing experience, got everything I wanted";""
"CustomerReview/Amazing shop! Thanks for the free cards!!";"Amazing shop! Thanks for the free cards!!";""
"CustomerReview/Argh the singles are staring at me but I ain't got no money to buy them.";"Argh the singles are staring at me but I ain't got no money to buy them.";""
"CustomerReview/Awesome, found some cards I needed in the bulk bin!";"Awesome, found some cards I needed in the bulk bin!";""
"CustomerReview/BEST SHOP XXX";"BEST SHOP XXX";""
"CustomerReview/Bad experience";"Bad experience";""
"CustomerReview/Been looking for YYY in the last 3 shops but can't find 'em, thrilled to find it here!";"Been looking for YYY in the last 3 shops but can't find 'em, thrilled to find it here!";""
"CustomerReview/Best service. Keep up the good work!!";"Best service. Keep up the good work!!";""
"CustomerReview/Broken promises hurt the community more than the missing prize itself.";"Broken promises hurt the community more than the missing prize itself.";""
"CustomerReview/Buying cards here feels like a scam";"Buying cards here feels like a scam";""
"CustomerReview/Came here looking for Ghost foil. Sell it for $100 pls!!!";"Came here looking for Ghost foil. Sell it for $100 pls!!!";""
"CustomerReview/Can I lodge a complaint for those exorbitant card prices?";"Can I lodge a complaint for those exorbitant card prices?";""
"CustomerReview/Can't even get YYY for me? 1 star!";"Can't even get YYY for me? 1 star!";""
"CustomerReview/Can't find the cards I wanted";"Can't find the cards I wanted";""
"CustomerReview/Can't get in the store...";"Can't get in the store...";""
"CustomerReview/Card price is EXPENSIVE!";"Card price is EXPENSIVE!";""
"CustomerReview/Card shop with ridiculous card pricing.";"Card shop with ridiculous card pricing.";""
"CustomerReview/Card shop with ridiculous fee.";"Card shop with ridiculous fee.";""
"CustomerReview/Card shop with ridiculous product pricing.";"Card shop with ridiculous product pricing.";""
"CustomerReview/Comfortable, cozy. I love to play here.";"Comfortable, cozy. I love to play here.";""
"CustomerReview/Could've give me proper change, got a bag of coins instead...";"Could've give me proper change, got a bag of coins instead...";""
"CustomerReview/Did they ran out of money or something? I was handed a bunch of coins!";"Did they ran out of money or something? I was handed a bunch of coins!";""
"CustomerReview/Did they think they are the ONLY shop in town that sells cards??? With that price I hope noone buys them!";"Did they think they are the ONLY shop in town that sells cards??? With that price I hope noone buys them!";""
"CustomerReview/Disappointing shop for missing prize.";"Disappointing shop for missing prize.";""
"CustomerReview/Do you sell YYY?";"Do you sell YYY?";""
"CustomerReview/Don't buy from XXX, way overpriced!";"Don't buy from XXX, way overpriced!";""
"CustomerReview/Don't feel like coming back";"Don't feel like coming back";""
"CustomerReview/Don't overwork the staff please...";"Don't overwork the staff please...";""
"CustomerReview/Don't think I will be back";"Don't think I will be back";""
"CustomerReview/Entry fee taken, promises made, and none of them kept. The prizes were a joke compared to what was advertised.";"Entry fee taken, promises made, and none of them kept. The prizes were a joke compared to what was advertised.";""
"CustomerReview/Expensive, do they weight the packs?";"Expensive, do they weight the packs?";""
"CustomerReview/Fair price to play here .";"Fair price to play here .";""
"CustomerReview/Fast and reliable seller!";"Fast and reliable seller!";""
"CustomerReview/Fine shop I guess";"Fine shop I guess";""
"CustomerReview/First time and the last time!";"First time and the last time!";""
"CustomerReview/For a TCG Card Shop, this place smells like roses!";"For a TCG Card Shop, this place smells like roses!";""
"CustomerReview/Found the cards I needed in the free bulk bin, thank you!";"Found the cards I needed in the free bulk bin, thank you!";""
"CustomerReview/Free bulk cards!";"Free bulk cards!";""
"CustomerReview/Genuinely recommend XXX!";"Genuinely recommend XXX!";""
"CustomerReview/Good job keeping this place stink-free!";"Good job keeping this place stink-free!";""
"CustomerReview/Good mix of card varieties.";"Good mix of card varieties.";""
"CustomerReview/Good price for the cards here!";"Good price for the cards here!";""
"CustomerReview/Good price for the products here!";"Good price for the products here!";""
"CustomerReview/Good service, kind shop owner.";"Good service, kind shop owner.";""
"CustomerReview/Good shop!";"Good shop!";""
"CustomerReview/Good stuff, great service!";"Good stuff, great service!";""
"CustomerReview/Good time playing here.";"Good time playing here.";""
"CustomerReview/Good variety of things here at XXX.";"Good variety of things here at XXX.";""
"CustomerReview/Great games, disappointing finish because of the missing prize.";"Great games, disappointing finish because of the missing prize.";""
"CustomerReview/Hard to play when you can't see the cards";"Hard to play when you can't see the cards";""
"CustomerReview/Hard to support a shop that won't stand by its own prize pool.";"Hard to support a shop that won't stand by its own prize pool.";""
"CustomerReview/How do they expect us to get into this place?";"How do they expect us to get into this place?";""
"CustomerReview/I am disappointed with the tournament and felt misled.";"I am disappointed with the tournament and felt misled.";""
"CustomerReview/I bought some stuff I wanted, but can't find YYY";"I bought some stuff I wanted, but can't find YYY";""
"CustomerReview/I can t believe a store expects customers to shop in near darkness. It s impossible to see the cards, the shelves, or anything else. Completely unacceptable.";"I can’t believe a store expects customers to shop in near darkness. It’s impossible to see the cards, the shelves, or anything else. Completely unacceptable.";""
"CustomerReview/I can't believe a store expects customers to shop in near darkness. It's impossible to see the cards, the shelves, or anything else. Completely unacceptable.";"I can't believe a store expects customers to shop in near darkness. It's impossible to see the cards, the shelves, or anything else. Completely unacceptable.";""
"CustomerReview/I can't recommend a shop that doesn't honor its rewards.";"I can't recommend a shop that doesn't honor its rewards.";""
"CustomerReview/I come here to get staples all the time, wish there are rare cards.";"I come here to get staples all the time, wish there are rare cards.";""
"CustomerReview/I didn't know what I needed until I came to this shop. Now I'm broke taking every last YYY off the shelves!";"I didn't know what I needed until I came to this shop. Now I'm broke taking every last YYY off the shelves!";""
"CustomerReview/I don't like the smell.";"I don't like the smell.";""
"CustomerReview/I drove 50 miles to this shop to get YYY and they said they sold out? What a bummer!";"I drove 50 miles to this shop to get YYY and they said they sold out? What a bummer!";""
"CustomerReview/I enjoy bargain hunting in this shop, I don't know how they keep the lights on with these prices!";"I enjoy bargain hunting in this shop, I don't know how they keep the lights on with these prices!";""
"CustomerReview/I expected accountability, but all we got were excuses.";"I expected accountability, but all we got were excuses.";""
"CustomerReview/I felt bad for my friend after the shop denied the reward.";"I felt bad for my friend after the shop denied the reward.";""
"CustomerReview/I found some common cards here.";"I found some common cards here.";""
"CustomerReview/I got my YYY here, worth the visit.";"I got my YYY here, worth the visit.";""
"CustomerReview/I had to get out as soon as I got in XXX, unbearable smell";"I had to get out as soon as I got in XXX, unbearable smell";""
"CustomerReview/I had to hold the cards up to my phone's flashlight just to make out the text.";"I had to hold the cards up to my phone's flashlight just to make out the text.";""
"CustomerReview/I have nice time playing, a little expensive though";"I have nice time playing, a little expensive though";""
"CustomerReview/I hope future players don't experience what my friend did.";"I hope future players don't experience what my friend did.";""
"CustomerReview/I hope they have some discount soon for YYY.";"I hope they have some discount soon for YYY.";""
"CustomerReview/I like XXX, just wish they sell YYY";"I like XXX, just wish they sell YYY";""
"CustomerReview/I like that the owner put up free bulk cards for us, keeps the TCG community alive.";"I like that the owner put up free bulk cards for us, keeps the TCG community alive.";""
"CustomerReview/I love card shops, but this one? Practically a cave. It s uncomfortable to shop when you can t see what you re buying";"I love card shops, but this one? Practically a cave. It’s uncomfortable to shop when you can’t see what you’re buying";""
"CustomerReview/I love card shops, but this one? Practically a cave. It's uncomfortable to shop when you can't see what you're buying";"I love card shops, but this one? Practically a cave. It's uncomfortable to shop when you can't see what you're buying";""
"CustomerReview/I love this store, no smell at all.";"I love this store, no smell at all.";""
"CustomerReview/I make my deck with the packs I bought from XXX. I won the tournament. Thanks";"I make my deck with the packs I bought from XXX. I won the tournament. Thanks";""
"CustomerReview/I need a night vision goggles to play in this shop lol";"I need a night vision goggles to play in this shop lol";""
"CustomerReview/I need a night-vision goggles to play in this shop lol";"I need a night-vision goggles to play in this shop lol";""
"CustomerReview/I want YYY";"I want YYY";""
"CustomerReview/I want to buy some cards but can't get into the store.";"I want to buy some cards but can't get into the store.";""
"CustomerReview/I want to buy some singles but it's kinda expensive";"I want to buy some singles but it's kinda expensive";""
"CustomerReview/I was psyched coz it's my son's birthday and I wanna get a YYY for him. Dale told me I can get YYY here but I guess he was lying. Now we are no longer friends.";"I was psyched coz it's my son's birthday and I wanna get a YYY for him. Dale told me I can get YYY here but I guess he was lying. Now we are no longer friends.";""
"CustomerReview/I was really excited for this tournament, but it ended up being a letdown.";"I was really excited for this tournament, but it ended up being a letdown. ";""
"CustomerReview/I won't trust this shop's tournaments after what happened to my friend.";"I won't trust this shop's tournaments after what happened to my friend.";""
"CustomerReview/If I knew the damn entrance is blocked off in this dump, I would have slept in.";"If I knew the damn entrance is blocked off in this dump, I would have slept in.";""
"CustomerReview/If i can rate 0 star i will.";"If i can rate 0 star i will.";""
"CustomerReview/If prizes aren't honored, why compete at all?";"If prizes aren't honored, why compete at all?";""
"CustomerReview/If you're a TCG card collector, they have everything you can think of here.";"If you're a TCG card collector, they have everything you can think of here.";""
"CustomerReview/Interesting experience playing in the dark, I think I managed to steal one of my opponent's card without him noticing, or maybe it is my own card? I have no idea";"Interesting experience playing in the dark, I think I managed to steal one of my opponent's card without him noticing, or maybe it is my own card? I have no idea";""
"CustomerReview/It shouldn't be this difficult for a shop to honor a prize.";"It shouldn't be this difficult for a shop to honor a prize.";""
"CustomerReview/It smells.";"It smells.";""
"CustomerReview/It stinks a bit.";"It stinks a bit.";""
"CustomerReview/It stinks in this shop.. I couldn't breath";"It stinks in this shop.. I couldn't breath";""
"CustomerReview/It's a bad day to have nose";"It's a bad day to have nose";""
"CustomerReview/It's a small shop but it packs a punch.";"It's a small shop but it packs a punch.";""
"CustomerReview/It's an ok shop, might visit again.";"It's an ok shop, might visit again.";""
"CustomerReview/It's disappointing when a shop doesn't keep its word.";"It's disappointing when a shop doesn't keep its word.";""
"CustomerReview/It's fine";"It's fine";""
"CustomerReview/It's frustrating to watch a shop ignore a legitimate prize claim.";"It's frustrating to watch a shop ignore a legitimate prize claim.";""
"CustomerReview/It's hard to support a shop that won't honor prizes fairly.";"It's hard to support a shop that won't honor prizes fairly.";""
"CustomerReview/It's not a good look when a shop ignores its winners.";"It's not a good look when a shop ignores its winners.";""
"CustomerReview/It's ok, I feel that the cards are a bit pricey.";"It's ok, I feel that the cards are a bit pricey.";""
"CustomerReview/It's ok, I feel that they are a bit pricey.";"It's ok, I feel that they are a bit pricey.";""
"CustomerReview/It's ok, could be better";"It's ok, could be better";""
"CustomerReview/Look carefully before you pay! Don't get ripped off like me!";"Look carefully before you pay! Don't get ripped off like me!";""
"CustomerReview/Love the cards I boought at XXX.";"Love the cards I boought at XXX.";""
"CustomerReview/Love the prices here! Definitely getting what I need and not breaking the bank.";"Love the prices here! Definitely getting what I need and not breaking the bank.";""
"CustomerReview/Man some of these customers' BO are nasty!";"Man some of these customers' BO are nasty!";""
"CustomerReview/Many things at XXX!";"Many things at XXX!";""
"CustomerReview/Meh...";"Meh...";""
"CustomerReview/My buddy won fair and square, but the shop acted like the prize never existed.";"My buddy won fair and square, but the shop acted like the prize never existed.";""
"CustomerReview/My friend deserved better treatment than this.";"My friend deserved better treatment than this.";""
"CustomerReview/My friend did everything right, but the shop wouldn't give the promised reward.";"My friend did everything right, but the shop wouldn't give the promised reward.";""
"CustomerReview/My friend didn t get his prize in the tournament!";"My friend didn’t get his prize in the tournament!";""
"CustomerReview/My friend earned a prize, and the shop refused to honor it. That's unacceptable.";"My friend earned a prize, and the shop refused to honor it. That's unacceptable.";""
"CustomerReview/My friend earned that prize, and the shop should have acknowledged it.";"My friend earned that prize, and the shop should have acknowledged it.";""
"CustomerReview/My friend earned the prize, but the shop let everyone down.";"My friend earned the prize, but the shop let everyone down.";""
"CustomerReview/My friend earned the reward the shop failed to deliver.";"My friend earned the reward; the shop failed to deliver.";""
"CustomerReview/My friend earned the reward, but the shop failed to deliver.";"My friend earned the reward, but the shop failed to deliver.";""
"CustomerReview/My friend earned the reward, but the shop found every excuse not to hand it over.";"My friend earned the reward, but the shop found every excuse not to hand it over.";""
"CustomerReview/My friend followed every rule, but the shop didn't follow through.";"My friend followed every rule, but the shop didn't follow through.";""
"CustomerReview/My friend left empty handed because the shop wouldn't honor the prize.";"My friend left empty handed because the shop wouldn't honor the prize.";""
"CustomerReview/My friend left feeling cheated by the shop!";"My friend left feeling cheated by the shop!";""
"CustomerReview/My friend was treated unfairly after winning.";"My friend was treated unfairly after winning.";""
"CustomerReview/My friend won fairly, yet the shop refused to make things right.";"My friend won fairly, yet the shop refused to make things right.";""
"CustomerReview/My friend won the match but lost faith in the shop.";"My friend won the match but lost faith in the shop.";""
"CustomerReview/My friend's tournament win deserved reward, not excuses.";"My friend's tournament win deserved reward, not excuses.";""
"CustomerReview/Nice time here, fee is a little high.";"Nice time here, fee is a little high.";""
"CustomerReview/No more visits for me. This dude infront of me was reaching his arm for something on the top shelf, and man I swear I could cry!";"No more visits for me. This dude infront of me was reaching his arm for something on the top shelf, and man I swear I could cry!";""
"CustomerReview/Not a great environment for a competitive TCG event.";"Not a great environment for a competitive TCG event.";""
"CustomerReview/Not bad, good shop to buy YYY.";"Not bad, good shop to buy YYY.";""
"CustomerReview/Not bad, good shop to buy cards.";"Not bad, good shop to buy cards.";""
"CustomerReview/Not bad, quite clean!";"Not bad, quite clean!";""
"CustomerReview/OH do you ever restock your stuff? Where is YYY!?";"OH do you ever restock your stuff? Where is YYY!?";""
"CustomerReview/Oh god, I can't play here with the smells.";"Oh god, I can't play here with the smells.";""
"CustomerReview/Oh they think they could pull one by setting crazy prices eh.. Nah, not for this smart customer. I'm buying YYY somewhere else";"Oh they think they could pull one by setting crazy prices eh.. Nah, not for this smart customer. I'm buying YYY somewhere else";""
"CustomerReview/Ok is it just me or is it normal for the owner to be opening cardpacks all day?!";"Ok is it just me or is it normal for the owner to be opening cardpacks all day?!";""
"CustomerReview/Ok pricing";"Ok pricing";""
"CustomerReview/Once the tournament started, it was chaos. Organizers clearly didn't know what they were doing.";"Once the tournament started, it was chaos. Organizers clearly didn't know what they were doing.";""
"CustomerReview/One of the best TCG shops. Sells at fair prices and gives free cards instead of overcharging like competing shops.";"One of the best TCG shops. Sells at fair prices and gives free cards instead of overcharging like competing shops.";""
"CustomerReview/Owner just ripping packs while I do my shopping";"Owner just ripping packs while I do my shopping";""
"CustomerReview/Peak customer service.";"Peak customer service.";""
"CustomerReview/Plenty of products here, I love it!";"Plenty of products here, I love it!";""
"CustomerReview/Poor tournament organization, long waits, not worth the time or money.";"Poor tournament organization, long waits, not worth the time or money.";""
"CustomerReview/Really cheap, will come again!";"Really cheap, will come again!";""
"CustomerReview/Really like XXX!";"Really like XXX!";""
"CustomerReview/Really pricey on some of the cards";"Really pricey on some of the cards";""
"CustomerReview/STINKS!!!";"Stinks!!!";""
"CustomerReview/Saw some really rare cards";"Saw some really rare cards";""
"CustomerReview/Seems fine to me, had some fun time!";"Seems fine to me, had some fun time!";""
"CustomerReview/Staff is friendly and services are great!";"Staff is friendly and services are great!";""
"CustomerReview/Staff is friendly and willing to help customer!";"Staff is friendly and willing to help customer!";""
"CustomerReview/Thank you very much for the free cards. Now I can finally play!";"Thank you very much for the free cards. Now I can finally play!";""
"CustomerReview/Thanks for the free cards!";"Thanks for the free cards!";""
"CustomerReview/That guy must have ripped up cases of card packs by now..";"That guy must have ripped up cases of card packs by now..";""
"CustomerReview/The card is really cheap!";"The card is really cheap!";""
"CustomerReview/The collection here is awesome!";"The collection here is awesome!";""
"CustomerReview/The entrance is blocked!?";"The entrance is blocked!?";""
"CustomerReview/The event could have ended on a high note if the shop had honored the prize.";"The event could have ended on a high note if the shop had honored the prize.";""
"CustomerReview/The event deserved a better ending than this.";"The event deserved a better ending than this.";""
"CustomerReview/The event was fun until the shop refused to honor the winnings.";"The event was fun until the shop refused to honor the winnings.";""
"CustomerReview/The excitement ended the moment the shop denied the reward.";"The excitement ended the moment the shop denied the reward.";""
"CustomerReview/The missing prize reflects poorly on the shop's organization.";"The missing prize reflects poorly on the shop's organization.";""
"CustomerReview/The owner gave me a bunch of coins as change, why";"The owner gave me a bunch of coins as change, why";""
"CustomerReview/The owner gave me a lot of coins for some reason";"The owner gave me a lot of coins for some reason";""
"CustomerReview/The owner is a certified gigachad of the trading card world. Helped me find every single card I needed for free!";"The owner is a certified gigachad of the trading card world. Helped me find every single card I needed for free!";""
"CustomerReview/The owner just keeps opening card pack at the corner...";"The owner just keeps opening card pack at the corner...";""
"CustomerReview/The place is neat and tidy.";"The place is neat and tidy.";""
"CustomerReview/The price for YYY was not that bad.. But not super great deals either.";"The price for YYY was not that bad.. But not super great deals either.";""
"CustomerReview/The prizes were NOT what was advertised!";"The prizes were NOT what was advertised!";""
"CustomerReview/The shop failed to recognize an earned victory.";"The shop failed to recognize an earned victory.";""
"CustomerReview/The shop failed to recognize my friend's hard earned result.";"The shop failed to recognize my friend's hard earned result.";""
"CustomerReview/The shop had every opportunity to fix the issue but didn't.";"The shop had every opportunity to fix the issue but didn't.";""
"CustomerReview/The shop handled the tournament poorly by not honoring the prize.";"The shop handled the tournament poorly by not honoring the prize.";""
"CustomerReview/The shop is fantastic, but honestly the owner is the real MVP.";"The shop is fantastic, but honestly the owner is the real MVP.";""
"CustomerReview/The shop is so dimly lit that I could barely read the card labels. It felt like I needed a flashlight just to see the prices.";"The shop is so dimly lit that I could barely read the card labels. It felt like I needed a flashlight just to see the prices.";""
"CustomerReview/The shop let my friend win, then acted like the prize didn't exist.";"The shop let my friend win, then acted like the prize didn't exist.";""
"CustomerReview/The shop lost a lot of trust after this tournament.";"The shop lost a lot of trust after this tournament.";""
"CustomerReview/The shop made promises it didn't keep. My friend deserved that prize.";"The shop made promises it didn't keep. My friend deserved that prize.";""
"CustomerReview/The shop made the tournament feel pointless by denying the reward.";"The shop made the tournament feel pointless by denying the reward.";""
"CustomerReview/The shop needs to improve how it handles tournament rewards.";"The shop needs to improve how it handles tournament rewards.";""
"CustomerReview/The shop needs to take responsibility for its tournament prizes.";"The shop needs to take responsibility for its tournament prizes.";""
"CustomerReview/The shop should be held accountable for its tournament promises.";"The shop should be held accountable for its tournament promises.";""
"CustomerReview/The shop should have done the right thing and honored the reward.";"The shop should have done the right thing and honored the reward.";""
"CustomerReview/The shop should rethink how it treats tournament winners.";"The shop should rethink how it treats tournament winners.";""
"CustomerReview/The shop should stand behind its own tournament prizes.";"The shop should stand behind its own tournament prizes.";""
"CustomerReview/The shop should value players enough to keep its promises.";"The shop should value players enough to keep its promises.";""
"CustomerReview/The shop turned a fun event into a frustrating experience.";"The shop turned a fun event into a frustrating experience.";""
"CustomerReview/The shop's credibility took a hit after this tournament incident.";"The shop's credibility took a hit after this tournament incident.";""
"CustomerReview/The shop's handling of the prize left a terrible impression.";"The shop's handling of the prize left a terrible impression.";""
"CustomerReview/The shop's handling of the situation was disappointing from start to finish.";"The shop's handling of the situation was disappointing from start to finish.";""
"CustomerReview/The shop's refusal to honor the prize overshadowed the whole event.";"The shop's refusal to honor the prize overshadowed the whole event.";""
"CustomerReview/The store is way too dark, especially at night. I kept squinting just to look at the cards...";"The store is way too dark, especially at night. I kept squinting just to look at the cards...";""
"CustomerReview/The tournament was very poorly organized. For an event with an entry fee, I expected much better planning.";"The tournament was very poorly organized. For an event with an entry fee, I expected much better planning.";""
"CustomerReview/They are literally stealing my lunch money and trying to get away with that card pricing..";"They are literally stealing my lunch money and trying to get away with that card pricing..";""
"CustomerReview/They don't sell card here...";"They don't sell card here...";""
"CustomerReview/They have an awesome collection in XXX!";"They have an awesome collection in XXX!";""
"CustomerReview/They setup some stuff to block the entrance, I wonder why?";"They setup some stuff to block the entrance, I wonder why?";""
"CustomerReview/Things are good, but it was so expensive.";"Things are good, but it was so expensive.";""
"CustomerReview/This place is nice to play at!";"This place is nice to play at!";""
"CustomerReview/This place is ridiculously dark. I m here to buy cards, not test my ability to navigate a cave. Turn on some lights or hand out flashlights at the door.";"This place is ridiculously dark. I’m here to buy cards, not test my ability to navigate a cave. Turn on some lights or hand out flashlights at the door.";""
"CustomerReview/This place is ridiculously dark. I'm here to buy cards, not test my ability to navigate a cave. Turn on some lights or hand out flashlights at the door.";"This place is ridiculously dark. I'm here to buy cards, not test my ability to navigate a cave. Turn on some lights or hand out flashlights at the door.";""
"CustomerReview/This place may be new but that owner sure knows what scratches a good 'ol TCG itch!";"This place may be new but that owner sure knows what scratches a good 'ol TCG itch!";""
"CustomerReview/This shop does not sell YYY";"This shop does not sell YYY";""
"CustomerReview/This shop is definitely overcharging the customers for the YYY..";"This shop is definitely overcharging the customers for the YYY..";""
"CustomerReview/This shop lost our trust after refusing the prize.";"This shop lost our trust after refusing the prize.";""
"CustomerReview/This shop's refusal to honor the promised prize overshadowed everything else.";"This shop's refusal to honor the promised prize overshadowed everything else.";""
"CustomerReview/This store is clean, thank you!!";"This store is clean, thank you!!";""
"CustomerReview/This tournament was a complete dumpster fire.";"This tournament was a complete dumpster fire.";""
"CustomerReview/This was one of the worst TCG tournaments I've ever attended. Total chaos from start to finish.";"This was one of the worst TCG tournaments I've ever attended. Total chaos from start to finish.";""
"CustomerReview/Those singles are so expensive I don't even know who buys them.";"Those singles are so expensive I don't even know who buys them.";""
"CustomerReview/Thought I saw someone weird opening packs at the shop corner, turns out it's the owner of XXX";"Thought I saw someone weird opening packs at the shop corner, turns out it's the owner of XXX";""
"CustomerReview/Thumbs up for those spray! At least no more stinks on the players when I sit down and play cards.";"Thumbs up for those spray! At least no more stinks on the players when I sit down and play cards.";""
"CustomerReview/Too dark! The lighting makes it impossible to appreciate the artwork on the cards.";"Too dark! The lighting makes it impossible to appreciate the artwork on the cards.";""
"CustomerReview/Ugh.. I feel mixed. On one hand I can find most stuff, on the other hand, YYY is quite pricey.";"Ugh.. I feel mixed. On one hand I can find most stuff, on the other hand, YYY is quite pricey.";""
"CustomerReview/Unfair price for playing here.";"Unfair price for playing here.";""
"CustomerReview/Unfair price on YYY.";"Unfair price on YYY.";""
"CustomerReview/Unfair price on the singles...";"Unfair price on the singles...";""
"CustomerReview/Urgh.. That body odour is making my head spin!";"Urgh.. That body odour is making my head spin!";""
"CustomerReview/Used to love coming here, but I think I'll pass next time.";"Used to love coming here, but I think I'll pass next time.";""
"CustomerReview/VERY GOOD!";"Very Good!";""
"CustomerReview/Very cheap, will visit soon!";"Very cheap, will visit soon!";""
"CustomerReview/Very friendly and honest shop with a big passion for trading card games, thank you for the free cards!";"Very friendly and honest shop with a big passion for trading card games, thank you for the free cards!";""
"CustomerReview/Very frustrating tournament experience.";"Very frustrating tournament experience.";""
"CustomerReview/Very good, I highly recommend this shop. The owner put out free cards, just a joy to support this shop.";"Very good, I highly recommend this shop. The owner put out free cards, just a joy to support this shop.";""
"CustomerReview/Watching the shop deny my friend's prize completely ruined the event.";"Watching the shop deny my friend's prize completely ruined the event.";""
"CustomerReview/We came for a fair tournament, not broken promises.";"We came for a fair tournament, not broken promises.";""
"CustomerReview/We expected a celebration, not an argument over a prize.";"We expected a celebration, not an argument over a prize.";""
"CustomerReview/Well some of the customers smell weird, but I guess I could just stay away from them.";"Well some of the customers smell weird, but I guess I could just stay away from them.";""
"CustomerReview/What a rip off! They tryna sell YYY so much more expensive from that other shop I went last week. No deal.";"What a rip off! They tryna sell YYY so much more expensive from that other shop I went last week. No deal.";""
"CustomerReview/What am I supposed to do with all these coins!?";"What am I supposed to do with all these coins!?";""
"CustomerReview/What an embarrassing tournament. Poor planning, poor execution. I will not be coming back.";"What an embarrassing tournament. Poor planning, poor execution. I will not be coming back.";""
"CustomerReview/Where is YYY?";"Where is YYY?";""
"CustomerReview/Why is the door blocked!?";"Why is the door blocked!?";""
"CustomerReview/Why no YYY?";"Why no YYY?";""
"CustomerReview/Will not visit anymore, too smelly...";"Will not visit anymore, too smelly...";""
"CustomerReview/Woah did the shop think money grows on trees? Those cards are expensive as hell!";"Woah did the shop think money grows on trees? Those cards are expensive as hell!";""
"CustomerReview/Word of caution: only bring cash to this shop else you might rack up debts buying too much stuff!";"Word of caution: only bring cash to this shop else you might rack up debts buying too much stuff!";""
"CustomerReview/Worst experience, there is nothing I want in the shop.";"Worst experience, there is nothing I want in the shop.";""
"CustomerReview/Wow I'd definitely come back here just for the YYY! Hope they keep the price tho.";"Wow I'd definitely come back here just for the YYY! Hope they keep the price tho.";""
"CustomerReview/XXX does not sell YYY!!";"XXX does not sell YYY!!";""
"CustomerReview/XXX is clean, I love it!!";"XXX is clean, I love it!!";""
"CustomerReview/XXX is the best card shop, will visit again!";"XXX is the best card shop, will visit again!";""
"CustomerReview/XXX tries to keep it clean, I respect that!";"XXX tries to keep it clean, I respect that!";""
"CustomerReview/YYY here is way overpriced! Shop elsewhere...";"YYY here is way overpriced! Shop elsewhere...";""
"CustomerReview/YYY is a little expensive.";"YYY is a little expensive.";""
"CustomerReview/YYY is really cheap, thank you!";"YYY is really cheap, thank you!";""
"CustomerTrade/Awesome, thanks!";"Awesome, thanks!";""
"CustomerTrade/Best deal ever!";"Best deal ever!";""
"CustomerTrade/Can I get a little more than that?";"Can I get a little more than that?";""
"CustomerTrade/Good deal, thanks!";"Good deal, thanks!";""
"CustomerTrade/Great, thank you!";"Great, thank you!";""
"CustomerTrade/I want to sell this card. How much can I get?";"I want to sell this card. How much can I get?";""
"CustomerTrade/I want to trade this card. Do you want it?";"I want to trade this card. Do you want it?";""
"CustomerTrade/I'm looking for this card, wanna trade?";"I'm looking for this card, wanna trade?";""
"CustomerTrade/It's a bit too low. How about this?";"It's a bit too low. How about this?";""
"CustomerTrade/Looking to sell this, can you give me a good price?";"Looking to sell this, can you give me a good price?";""
"CustomerTrade/No way I'm gonna sell at that price.";"No way I'm gonna sell at that price.";""
"CustomerTrade/Right on!";"Right on!";""
"CustomerTrade/Thank you!!";"Thank you!!";""
"CustomerTrade/Thanks!";"Thanks!";""
"CustomerTrade/That's way too low!";"That's way too low!";""
"CustomerTrade/This is my final offer.";"This is my final offer.";""
"CustomerTrade/Wanna sell this. What's the best I can get?";"Wanna sell this. What's the best I can get?";""
"CustomerTrade/You got yourself a deal!";"You got yourself a deal!";""
"Customers are more likely to play in the shop";"Customers are more likely to play in the shop";""
"Customers are willing to pay more when playing TCG";"Customers are willing to pay more when playing TCG";""
"Customers can play card game here, good way to earn extra income. Comes with 2 chairs.";"Customers can play card game here, good way to earn extra income. Comes with 2 chairs.";""
"Customers go here to pay for the items they want to buy, comes with cash register and credit card machine.";"Customers go here to pay for the items they want to buy, comes with cash register and credit card machine.";""
"Customers have a higher maximum amount of money";"Customers have a higher maximum amount of money";""
"Customers might leave better reviews";"Customers might leave better reviews";""
"Customers played game in shop required";"Customers played game in shop required";""
"Customize";"Customize";""
"Customize Your Shop";"Customize Your Shop";""
"Cutie";"Cutie";""
"Cyber";"Cyber";""
"Cyclops";"Cyclops";""
"D20 Dice Black";"D20 Dice Black";""
"D20 Dice Blue";"D20 Dice Blue";""
"D20 Dice Green";"D20 Dice Green";""
"D20 Dice Red";"D20 Dice Red";""
"D20 Dice White";"D20 Dice White";""
"DECLINED!";"DECLINED!";""
"DECO";"DECO";""
"DRAW";"DRAW";""
"Daily Report";"Daily Report";""
"Daily Reward";"Daily Reward";""
"Daily Shop";"Daily Shop";""
"Dark Knight";"Dark Knight";""
"Data Report";"Data Report";""
"Day";"Day";""
"Day XXX";"Day XXX";""
"Days";"Days";""
"Days Passed:";"Days Passed:";""
"Deal";"Deal";""
"Deal XXX unblockable TP damage";"Deal XXX unblockable TP damage";""
"Deals double damage to shield for YYY turn";"Deals double damage to shield for YYY turn";""
"Deals double damage to shield this turn";"Deals double damage to shield this turn";""
"Deals triple damage to shield this turn";"Deals triple damage to shield this turn";""
"December";"December";""
"Decimite";"Decimite";""
"Decimite Figurine";"Decimite Figurine";""
"Decimite Statue";"Decimite Statue";""
"Deck";"Deck";""
"Deck Box Blue";"Deck Box Blue";""
"Deck Box Green";"Deck Box Green";""
"Deck Box Red";"Deck Box Red";""
"Deck Box Yellow";"Deck Box Yellow";""
"Deck Edit";"Deck Edit";""
"Deck List";"Deck List";""
"Deck copied successfully";"Deck copied successfully";""
"Deck data copied to clipboard";"Deck data copied to clipboard";""
"Deck data import failed";"Deck data import failed";""
"Deck is incomplete";"Deck is incomplete";""
"Deck pasted successfully";"Deck pasted successfully";""
"Decline";"Decline";""
"Deco";"Deco";""
"Decorate";"Decorate";""
"Decoration";"Decoration";""
"Default";"Default";""
"Default Setting";"Default Setting";""
"Defeat";"Defeat";""
"Defeated";"Defeated";""
"Delete";"Delete";""
"Delivery Fee";"Delivery Fee";""
"Delivery in XXX day";"Delivery in XXX day";""
"Delivery in XXX days";"Delivery in XXX days";""
"Destiny";"Destiny";""
"Destiny Basic Pack Sales";"Destiny Basic Pack Sales";""
"Destiny Card";"Destiny Card";""
"Destiny Card Collector";"Destiny Card Collector";""
"Destiny Epic Pack Sales";"Destiny Epic Pack Sales";""
"Destiny Legendary Pack Sales";"Destiny Legendary Pack Sales";""
"Destiny Rare Pack Sales";"Destiny Rare Pack Sales";""
"Destroy XXX card on opponent's field";"Destroy XXX card on opponent's field";""
"Destroy XXX card on opponent's field, draw YYY";"Destroy XXX card on opponent's field, draw YYY";""
"Destroy XXX opponent's field card with earth element YYY or less";"Destroy XXX opponent's field card with earth element YYY or less";""
"Destroy XXX opponent's field card with fire element YYY or less";"Destroy XXX opponent's field card with fire element YYY or less";""
"Destroy XXX opponent's field card with water element YYY or less";"Destroy XXX opponent's field card with water element YYY or less";""
"Destroy all opponent's field card with wind element XXX or higher";"Destroy all opponent's field card with wind element XXX or higher";""
"Detail";"Detail";""
"Detective";"Detective";""
"Developed by";"Developed by :";""
"Developed by Sia Ding Shen";"Developed by Sia Ding Shen";""
"Director";"Director";""
"Disable Controller";"Disable Controller";""
"Disable VSync";"Disable VSync";""
"Disable opponent's wind element attack for XXX turn";"Disable opponent's wind element attack for XXX turn";""
"Discard Pile";"Discard Pile";""
"Discard Tetron,Raxx and Gannon from your hand. If you do, boost active elemental power of this card by XXX. If you don't, discard this card instead.";"Discard Tetron,Raxx and Gannon from your hand. If you do, boost active elemental power of this card by XXX. If you don't, discard this card instead.";""
"Discard XXX card from the top of your deck. Boost active elemental power of this card by the same elemental power of the discarded card.";"Discard XXX card from the top of your deck. Boost active elemental power of this card by the same elemental power of the discarded card.";""
"Discard XXX card from your hand. If you do, draw YYY card.";"Discard XXX card from your hand. If you do, draw YYY card.";""
"Discard XXX card from your hand. Your opponent cannot evolve their Tetramon next turn.";"Discard XXX card from your hand. Your opponent cannot evolve their Tetramon next turn.";""
"Discard XXX card, then destroy YYY card on opponent's field";"Discard XXX card, then destroy YYY card on opponent's field";""
"Discard XXX cards from the top of your deck. Boost active elemental power of this card by the same elemental power of all the discarded card.";"Discard XXX cards from the top of your deck. Boost active elemental power of this card by the same elemental power of all the discarded card.";""
"Discard XXX cards from your deck. Boost active elemental power of this card by Fire elemental power of the discarded cards.";"Discard XXX cards from your deck. Boost active elemental power of this card by Fire elemental power of the discarded cards.";""
"Discard XXX cards from your hand. If you do, draw YYY cards.";"Discard XXX cards from your hand. If you do, draw YYY cards.";""
"Discard all cards from your hand. If at least XXX card is discarded this way, boost active elemental power of this card by YYY this turn.";"Discard all cards from your hand. If at least XXX card is discarded this way, boost active elemental power of this card by YYY this turn.";""
"Discard the top XXX cards of your opponent's deck.";"Discard the top XXX cards of your opponent's deck.";""
"Discard the top card of your opponent's deck.";"Discard the top card of your opponent's deck.";""
"Discard your hand. Then, draw XXX cards from your deck.";"Discard your hand. Then, draw XXX cards from your deck.";""
"Disconnected";"Disconnected";""
"Disconnected from friend match";"Disconnected from friend match";""
"Display";"Display";""
"Display Bonus";"Display Bonus";""
"Display Stand";"Display Stand";""
"Dissatisfied";"Dissatisfied";""
"Don't Pay";"Don't Pay";""
"Don't have the card customer wanted";"Don't have the card customer wanted";""
"Done";"Done";""
"Dot";"Dot";""
"Double Sided Shelf";"Double Sided Shelf";""
"Dracunix";"Dracunix";""
"Dracunix Figurine";"Dracunix Figurine";""
"Dracunix Statue";"Dracunix Statue";""
"Dracunix Statue Upgrade";"Dracunix Statue Upgrade";""
"Dragon";"Dragon";""
"Dragon Knight";"Dragon Knight";""
"Drain XXX of damage dealt this turn";"Drain XXX% of damage dealt this turn";""
"Drain XXX of damage dealt this turn, draw YYY";"Drain XXX% of damage dealt this turn, draw YYY";""
"Drakon";"Drakon";""
"Draw";"Draw";""
"Draw XXX card";"Draw XXX card";""
"Draw XXX card from your deck for each Guardian card you've taken.";"Draw XXX card from your deck for each Guardian card you've taken.";""
"Draw XXX card from your deck.";"Draw XXX card from your deck.";""
"Draw XXX card, then boost Fire elemental power by YYY this turn.";"Draw XXX card, then boost Fire elemental power by YYY this turn.";""
"Draw XXX card, then boost Water elemental power of this card by YYY for each card in your hand.";"Draw XXX card, then boost Water elemental power of this card by YYY for each card in your hand.";""
"Draw XXX card, then discard YYY card";"Draw XXX card, then discard YYY card";""
"Draw XXX card, then discard YYY card at random";"Draw XXX card, then discard YYY card at random";""
"Draw XXX cards";"Draw XXX cards";""
"Draw XXX cards from your deck, then discard YYY card from your hand.";"Draw XXX cards from your deck, then discard YYY card from your hand.";""
"Draw XXX cards from your deck.";"Draw XXX card from your deck.";""
"Drilceros";"Drilceros";""
"Drilceros Action Figure";"Drilceros Action Figure";""
"Drill";"Drill";""
"Dual Missile";"Dual Missile";""
"Dude, you totally annihilated me...";"Dude, you totally annihilated me...";""
"Due In :";"Due In:";""
"Duplicates";"Duplicates";""
"Dusko";"Dusko";""
"E-Card Display";"E-Card Display Device";""
"EVO Blazoar Figurine";"EVO Blazoar Figurine";""
"EVO Blazoar Statue";"EVO Blazoar Statue";""
"EVO Kingstar Figurine";"EVO Kingstar Figurine";""
"EVO Kingstar Statue";"EVO Kingstar Statue";""
"EX Battle";"EX Battle";""
"EX Full Art";"EX Full Art";""
"Earnings";"Earnings";""
"Earth";"Earth";""
"Earth Battle Deck";"Earth Battle Deck";""
"Earth Cup";"Earth Cup";""
"Earth Destiny Deck";"Earth Destiny Deck";""
"Earth element deals XXX extra damage this turn";"Earth element deals XXX extra damage this turn";""
"Earth element deals double damage this turn";"Earth element deals double damage this turn";""
"Easygoing";"Easygoing";""
"Edit";"Edit";""
"Edit Card";"Edit Card";""
"Edit Price";"Edit Price";""
"Eldritch Creature";"Eldritch Creature";""
"Elec Broadsword";"Elec Broadsword";""
"Electric";"Electric";""
"Electric Chainsaw";"Electric Chainsaw";""
"Electric Spike";"Electric Spike";""
"Electric bill is calculated each day based on light usage in shop";"Electric bill is calculated each day based on light usage in shop";""
"Electrician";"Electrician";""
"Elemental Area";"Elemental Area";""
"Elemental Power";"Elemental Power";""
"Employee";"Employee";""
"Empty Box Storage";"Empty Box Storage";""
"Empty Chest";"Empty Chest";""
"Enable";"Enable";""
"End Phase";"End Phase";""
"End Turn";"End Turn";""
"EndTurn";"EndTurn";""
"Ends In :";"Ends In :";""
"Ends On : 14 October 2025";"Ends On : 14 October 2025";""
"Ends in";"Ends in";""
"Ends in :";"Ends in : ";""
"Energy";"Energy";""
"Energy Shield";"Energy Shield";""
"Entry Fee :";"Entry Fee :";""
"Epic";"Epic";""
"Epic Card Box";"Epic Card Box";""
"Epic Card Pack";"Epic Card Pack";""
"Epic Destiny Box";"Epic Destiny Box";""
"Epic Destiny Pack";"Epic Destiny Pack";""
"Epic Foil Pack";"Epic Foil Pack";""
"Epic pack and card price might XXX";"Epic pack and card price might XXX";""
"Esmerdios";"Esmerdios";""
"Esmeri";"Esmeri";""
"Esmerock";"Esmerock";""
"Event";"Special Event";""
"Event Ended";"Event Ended";""
"Event Ends In :";"Event Ends In : ";""
"Evolution";"Evolution";""
"Evolution Requirement";"Evolution Requirement";""
"Evolve";"Evolve";""
"Evolves From";"Evolves From";""
"Exit";"Exit";""
"Exit Counter";"Exit Counter";""
"Exit Game";"Exit Game";""
"Exp";"Exp";""
"Exp Gained";"Exp Gained";""
"Expand Shop";"Expand Shop";""
"Expansion";"Expansion";""
"Explorer";"Explorer";""
"Export";"Export";""
"Express";"Express";""
"FIGHT !";"Fight !";""
"Fair price I'd say.";"Fair price I'd say.";""
"Fair price for a XXX.";"Fair price for a XXX.";""
"Fair price, but I don't have enough money.";"Fair price, but I don't have enough money.";""
"Famous";"Famous";""
"Fan Art";"Fan Art";""
"Fan Art YYY";"Fan Art YYY";""
"Fan Blade";"Fan Blade";""
"Farmer";"Farmer";""
"Fast";"Fast";""
"Fear";"Fear";""
"Fearful";"Fearful";""
"Feather Blade";"Feather Blade";""
"February";"February";""
"Fee";"Fee";""
"Fee is too high here!";"Fee is too high here!";""
"Feedback";"Feedback";""
"Feeling:";"Feeling:";""
"Fees are collected automatically after players finish playing at the play table";"Fees are collected automatically after players finish playing at the play table";""
"Fencer";"Fencer";""
"Fight";"Fight";""
"Figurine";"Figurine";""
"Fill Shelf";"Fill Shelf";""
"Finally, someone noticed my brilliance! Thank you boss!";"Finally, someone noticed my brilliance! Thank you boss!";""
"Fire";"Fire";""
"Fire Axe";"Fire Axe";""
"Fire Battle Deck";"Fire Battle Deck";""
"Fire Broadsword";"Fire Broadsword";""
"Fire Cup";"Fire Cup";""
"Fire Destiny Deck";"Fire Destiny Deck";""
"Fire Katana";"Fire Katana";""
"Fire Rocket";"Fire Rocket";""
"Fire Shield";"Fire Shield";""
"Fire Twin Axe";"Fire Twin Axe";""
"Fire element deals XXX extra damage this turn";"Fire element deals XXX extra damage this turn";""
"Fire element deals XXX extra damage this turn, draw YYY";"Fire element deals XXX extra damage this turn, draw YYY";""
"Fire element deals double damage this turn";"Fire element deals double damage this turn";""
"Fire element deals double damage this turn, but water element deals no damage";"Fire element deals double damage this turn, but water element deals no damage";""
"Fireman";"Fireman";""
"First Edition";"First Edition";""
"Fistronk";"Fistronk";""
"Flambrolly";"Flambrolly";""
"Flamchik";"Flamchik";""
"Flamethrower";"Flamethrower";""
"Flami";"Flami";""
"Flip";"Flip";""
"Floor";"Floor";""
"Floor YYY";"Floor YYY";""
"Florist";"Florist";""
"Flory";"Flory";""
"Foil";"Foil";""
"Foil Booster";"Foil Booster";""
"Foodie";"Foodie";""
"For Sale";"For Sale";""
"For every Flamchik or Pyropeck in the discard pile or on the field, boost active elemental power of this card by XXX.";"For every Flamchik or Pyropeck in the discard pile or on the field, boost active elemental power of this card by XXX.";""
"Format";"Format";""
"Format :";"Format : ";""
"Forush";"Forush";""
"Forward";"Forward";""
"Frames Per Second";"Frames Per Second";""
"Free";"Free";""
"Freeze Bomb";"Freeze Bomb";""
"Friend Challenge";"Friend Challenge";""
"Friend Invitation";"Friend Invitation";""
"Friend List";"Friend List";""
"Friend Username";"Friend Username";""
"Friend invitation received";"Friend invitation received";""
"Friend request sent";"Friend request sent";""
"Friendly";"Friendly";""
"Friends";"Friends";""
"Frizard";"Frizard";""
"Full";"Full";""
"Full Art";"Full Art";""
"Full Expansion";"Full Expansion";""
"Full Screen";"Full Screen";""
"Fullscreen Toggle";"Full Screen";""
"Fuzzy";"Fuzzy";""
"Gallery";"Gallery";""
"Game";"Game";""
"Game Earning";"Game Earning";""
"Game Paused";"Game Paused";""
"Game Points";"Game Points";""
"Game Roadmap";"Game Roadmap";""
"Game Saved";"Game Saved";""
"Gamepad";"Controller";""
"Gamer";"Gamer";""
"Gamma";"Gamma";""
"Gannon";"Gannon";""
"Garuda";"Garuda";""
"Gekoflare";"Gekoflare";""
"General";"General";""
"Geologist";"Geologist";""
"Ghost";"Ghost";""
"Ghost Edition";"Ghost Edition";""
"Ghost Pack";"Ghost Pack";""
"Giant Shelf";"Giant Shelf";""
"Giga Blade";"Giga Blade";""
"Giga Bundle";"Giga Bundle";""
"Giga Cannon";"Giga Cannon";""
"Giganite";"Giganite";""
"Giganite Statue";"Giganite Statue";""
"GigatronX";"GigatronX";""
"Gilgabass";"Gilgabass";""
"Give";"Give";""
"Give Bonus";"Give Bonus";""
"Giving";"Giving";""
"Giving Away";"Giving Away";""
"Global Ranking";"Global Ranking";""
"Glowing";"Glowing";""
"Go Discord";"Go Discord";""
"Go Next Day";"Go Next Day";""
"Go Recruit";"GO Recruit";""
"Go Shop";"Go Shop";""
"Goals";"Goals";""
"Goblin Mage";"Goblin Mage";""
"Goblin Thief";"Goblin Thief";""
"Goblin Warrior";"Goblin Warrior";""
"God, so expensive.";"God, so expensive.";""
"Gold";"Gold";""
"Gold Edition";"Gold Edition";""
"Gold Finger";"Gold Finger";""
"Golden Star";"Golden Star";""
"Golem";"Golem";""
"Good";"Good";""
"Good game! You really caught me off guard.";"Good game! You really caught me off guard.";""
"Good game, let's play again some other time.";"Good game, let's play again some other time.";""
"Good price!";"Good price!";""
"Good price, but I am broke.";"Good price, but I am broke.";""
"Grab card packs on shelf and open them to get new cards";"Grab card packs on shelf and open them to get new cards";""
"Grade 7";"Grade 7";""
"Graded";"Graded Card";""
"Grading";"Grading";""
"Grading Time";"Grading Time";""
"Grandma";"Grandma";""
"Green";"Green";""
"Grid";"Grid";""
"Grizzaw";"Grizzaw";""
"Guard";"Guard";""
"Guardian Area";"Guardian Area";""
"Gupi";"Gupi";""
"HP";"HP";""
"Hand is full already";"Hand is full already";""
"Handyman";"Handyman";""
"Hangar";"Hangar";""
"Happy";"Happy";""
"Hardworking";"Hardworking";""
"Harpy";"Harpy";""
"Hawk";"Hawk";""
"Heat Knife";"Heat Knife";""
"Heat Missile";"Heat Missile";""
"Heh, you got me.";"Heh, you got me.";""
"Helio";"Helio";""
"Hey man, I went to the gym every night. You need a muscle?";"Hey man, I went to the gym every night. You need a muscle?";""
"Hey, Benji here. Do you need a helping hand in your shop? I'm so excited to work in your shop!";"Hey, Benji here. Do you need a helping hand in your shop? I'm so excited to work in your shop!";""
"Hide UI";"Hide UI";""
"High";"High";""
"Higher chance of attracting wealthy customers";"Higher chance of attracting wealthy customers";""
"Higher chance of customers accepting trades";"Higher chance of customers accepting trades";""
"Higher chance of customers buying more items";"Higher chance of customers buying more items";""
"Higher chance of customers joining tournaments";"Higher chance of customers joining tournaments";""
"Higher chance of customers staying longer in the shop";"Higher chance of customers staying longer in the shop";""
"Higher chance of customers using their card and overspending";"Higher chance of customers using their card and overspending";""
"Higher chance of getting foil cards";"Higher chance of getting foil cards";""
"Higher chance of getting rare cards";"Higher chance of getting rare cards";""
"Higher shop XP gain";"Higher shop XP gain";""
"Hiker";"Hiker";""
"Hire";"Hire";""
"Hire me cause I play and know a lot about TCG, do I get card packs as bonus at the end of the month?";"Hire me cause I play and know a lot about TCG, do I get card packs as bonus at the end of the month?";""
"Hired!";"Hired!";""
"Hmm, not good enough. I need to improve my deck.";"Hmm, not good enough. I need to improve my deck.";""
"Hmm, where is table XXX?";"Hmm, where is table XXX?";""
"Hobby DECO";"Hobby Deco";""
"Hold";"Hold";""
"Hold To Crouch";"Hold To Crouch";""
"Hold To Sprint";"Hold To Sprint";""
"Holo Heaven";"Holo Heaven";""
"Honobi";"Honobi";""
"How do I get in!?";"How do I get in!?";""
"How do I get out!?";"How do I get out!?";""
"How should I set the price?";"How should I set the price?";""
"Huge Card Display";"Huge Card Display";""
"Huge Personal Shelf";"Huge Personal Shelf";""
"Hunger";"Hunger";""
"Hungry";"Hungry";""
"Hydroid";"Hydroid";""
"Hydron";"Hydron";""
"I am looking for XXX.";"I am looking for XXX.";""
"I can't find XXX.";"I can't find XXX.";""
"I can't find my prize anywhere.";"I can't find my prize anywhere.";""
"I can't find table number XXX.";"I can't find table number XXX.";""
"I can't find the Tournament Prize Shelf.";"I can't find the Tournament Prize Shelf.";""
"I can't fit in the entrance!";"I can't fit in the entrance!";""
"I can't fit in the exit!";"I can't fit in the exit!";""
"I can't the Tournament Prize Shelf.";"I can't the Tournament Prize Shelf.";""
"I didn't expect to lose at all.";"I didn't expect to lose at all.";""
"I don't have much experience but am willing to learn and do anything. Please hire me cause I need the money to pay for art school.";"I don't have much experience but am willing to learn and do anything. Please hire me cause I need the money to pay for art school.";""
"I knew every card you were going to play, and still lost.";"I knew every card you were going to play, and still lost.";""
"I need XXX.";"I need XXX.";""
"I quit my day job to open my own card game store. This is it, time to get down to business!";"I quit my day job to open my own card game store. This is it, time to get down to business!";""
"I should've expected the same broken meta deck again.";"I should've expected the same broken meta deck again.";""
"I thought I had the win for sure.";"I thought I had the win for sure.";""
"I underestimated you, and it costs me.";"I underestimated you, and it costs me.";""
"I want this, but I am broke.";"I want this, but I am broke.";""
"I will have my vengeance, just you wait!";"I will have my vengeance, just you wait!";""
"I will play somewhere else!";"I will play somewhere else!";""
"I will refill the machine with these";"I will refill the machine with these";""
"I won't leave until I get my prizes!";"I won't leave until I get my prizes!";""
"I worked in another shop for a few months and gained experience, just finished art school so I have time to work for a while.";"I worked in another shop for a few months and gained experience, just finished art school so I have time to work for a while.";""
"I would so buy this if I have enough money";"I would so buy this if I have enough money";""
"I'll get you next time!";"I'll get you next time!";""
"I'll need a stronger deck before our next duel.";"I'll need a stronger deck before our next duel.";""
"I'm an enthusiastic gamer who loves TCG. I'm eager to bring my expertise and positive energy to your shop!";"I'm an enthusiastic gamer who loves TCG. I'm eager to bring my expertise and positive energy to your shop! <3";""
"I'm an enthusiastic gamer who loves TCG. I'm eager to bring my expertise and positive energy to your shop!";"I'm an enthusiastic gamer who loves TCG. I'm eager to bring my expertise and positive energy to your shop! <3";""
"I'm an enthusiastic gamer who loves TCG. I'm eager to bring my expertise and positive energy to your shop!";"I'm an enthusiastic gamer who loves TCG. I'm eager to bring my expertise and positive energy to your shop! <3";""
"I'm not sure why my friends keep calling me the red comet , they say I move three times faster? Maybe they are just slow.";"I'm not sure why my friends keep calling me the ""red comet"", they say I move three times faster? Maybe they are just slow.";""
"Ice Broadsword";"Ice Broadsword";""
"Ice Mortar";"Ice Mortar";""
"Ice Pike";"Ice Pike";""
"Ice Spinner";"Ice Spinner";""
"Ice Twin Spear";"Ice Twin Spear";""
"Ideals are admirable. Profit is practical.";"Ideals are admirable. Profit is practical.";""
"If your opponent has active Tamer Shield, destroy it. Then, boost Fire elemental power by XXX this turn.";"If your opponent has active Tamer Shield, destroy it. Then, boost Fire elemental power by XXX this turn.";""
"Import";"Import";""
"Impressive. Most impressive.";"Impressive. Most impressive.";""
"Impulsive";"Impulsive";""
"In Album";"In Album";""
"In Progress";"In Progress";""
"In Storage :";"In Storage :";""
"Income";"Income";""
"Independent";"Independent";""
"Inferhog";"Inferhog";""
"Inferhog Figurine";"Inferhog Figurine";""
"Inferhog Statue";"Inferhog Statue";""
"Inferno Boost";"Inferno Boost";""
"Influencer";"Influencer";""
"Info";"Info";""
"Ink Knight";"Ink Knight";""
"Insert Card Pack(s)";"Insert Card Pack(s)";""
"Insert Name";"Insert Name";""
"Insert Shop Name Here";"Insert Shop Name Here";""
"Insert Your Name Here";"Insert Your Name Here";""
"Inspect";"Inspect";""
"Insufficient Cash";"Insufficient Cash";""
"Interact";"Interact";""
"Interact Put Item";"Interact/
Put Item";""
"Invalid Name";"Invalid Name";""
"Inventory";"Inventory";""
"Inverted Camera";"Inverted Camera";""
"Inverted Camera X";"Inverted Camera X";""
"Investor";"Investor";""
"Iron Ball";"Iron Ball";""
"Is there a job opening for your shop? I love collecting cards but money is tight now. I'm a math addict btw.";"Is there a job opening for your shop? I love collecting cards but money is tight now. I'm a math addict btw.";""
"Is this correct?";"Is this correct?";""
"It's a little expensive, hmm...";"It's a little expensive, hmm...";""
"It's pricey, I need to think a little.";"It's pricey, I need to think a little.";""
"It's too smelly!";"It's too smelly!";""
"Item";"Item";""
"Item Earning";"Item Earning";""
"Item Given";"Item Given";""
"Item Sold";"Item Sold";""
"Item Value :";"Item Value :";""
"Items will be lost if checkout is not finished. Are you sure about proceeding to the next day?";"Items will be lost if checkout is not finished.
Are you sure about proceeding to the next day?";""
"Jacktern";"Jacktern";""
"Janitor";"Janitor";""
"January";"January";""
"Jelicleen";"Jelicleen";""
"Jester";"Jester";""
"Jet Burner";"Jet Burner";""
"Jigajawr";"Jigajawr";""
"Join";"Join";""
"July";"July";""
"Jump";"Jump";""
"Jump Checkout";"Jump/
Checkout";""
"June";"June";""
"Kabuto";"Kabuto";""
"Katana";"Katana";""
"Katana Display";"Katana Display";""
"Kataryu";"Kataryu";""
"Katengu";"Katengu";""
"Keep";"Keep";""
"Keybind";"Keybind";""
"Keyboard";"Keyboard";""
"Kidsune";"Kidsune";""
"King";"King";""
"Kingstar";"Kingstar";""
"Kingstar Plushie";"Kingstar Plushie";""
"Kingstar Statue";"Kingstar Statue";""
"Knight";"Knight";""
"Knight Shield";"Knight Shield";""
"Knight Sword";"Knight Sword";""
"Kyrone";"Kyrone";""
"Kyuenbi";"Kyuenbi";""
"LATE !";"Late Payment";""
"LEVEL UP!";"Level Up!";""
"LOCKED";"Locked";""
"Lamia";"Lamia";""
"Language";"Language";""
"Large Shelf";"Large Shelf";""
"Late By XXX Day";"Late By XXX Day";""
"Late By XXX Days";"Late By XXX Days";""
"Late Payment";"Late Payment";""
"Later";"Later";""
"Latest Version :";"Latest Version";""
"Laundry";"Laundry";""
"Lawyer";"Lawyer";""
"Learn More";"Learn More";""
"Leave";"Leave";""
"Left";"Left";""
"Legend";"Legend";""
"Legendary";"Legendary";""
"Legendary Card Box";"Legendary Card Box";""
"Legendary Card Pack";"Legendary Card Pack";""
"Legendary Collector";"Legendary Collector";""
"Legendary Destiny Box";"Legendary Destiny Box";""
"Legendary Destiny Pack";"Legendary Destiny Pack";""
"Legendary Foil Pack";"Legendary Foil Pack";""
"Legendary pack and card price might XXX";"Legendary pack and card price might XXX";""
"Let 10 customers play card game in the shop";"Let 10 customers play card game in the shop";""
"Let Me Think";"Let Me Think";""
"Let customers in by switching the sign on the window to OPEN";"Let customers in by switching the sign on the window to ""OPEN""";""
"Let me in!";"Let me in!";""
"Let me out!";"Let me out!";""
"Lethargic";"Lethargic";""
"Level";"Level";""
"Level :";"Level :";""
"Level Gained";"Level Gained";""
"Level Highest";"Level Highest";""
"Level Lowest";"Level Lowest";""
"Level MAX";"Level MAX";""
"Level Up";"Level Up";""
"Level XXX";"Level XXX";""
"Librarian";"Librarian";""
"License";"License";""
"Light Saber";"Light Saber";""
"Limited Time Plushies!";"Limited Time Plushies!";""
"Lion Shield";"Lion Shield";""
"Litspire";"Litspire";""
"Load";"Load";""
"Load Game";"Load Game";""
"Loading this save slot will overwrite the current auto save slot. Are you sure about it?";"Loading this save slot will overwrite the current auto save slot. Are you sure about it?";""
"Locked";"Locked";""
"Long Shelf";"Long Shelf";""
"Look at top XXX cards of your deck, select YYY card and discard the rest. Shuffle your deck and put the selected card on top of your deck.";"Look at top XXX cards of your deck, select YYY card and discard the rest. Shuffle your deck and put the selected card on top of your deck.";""
"Look at top XXX cards of your deck, select YYY card and put them into your hand. Put the rest at the bottom of your deck.";"Look at top XXX cards of your deck, select YYY card and put them into your hand. Put the rest at the bottom of your deck.";""
"Look at top XXX cards of your deck, select YYY card and put them into your hand. Shuffle the rest back into your deck.";"Look at top XXX cards of your deck, select YYY card and put them into your hand. Shuffle the rest back into your deck.";""
"Look at top XXX cards of your deck, select YYY cards and put them into your hand. Put the rest at the bottom of your deck.";"Look at top XXX cards of your deck, select YYY cards and put them into your hand. Put the rest at the bottom of your deck.";""
"Look at top XXX cards of your deck, select YYY cards and put them into your hand. Shuffle the rest back into your deck.";"Look at top XXX cards of your deck, select YYY cards and put them into your hand. Shuffle the rest back into your deck.";""
"Look at top XXX cards of your deck, select YYY evolution card and put it into your hand. Shuffle the rest back into your deck.";"Look at top XXX cards of your deck, select YYY evolution card and put it into your hand. Shuffle the rest back into your deck.";""
"Look at top XXX cards of your deck. Select up to YYY card and put it into your hand, discard the rest.";"Look at top XXX cards of your deck. Select up to YYY card and put it into your hand, discard the rest.";""
"Look at top XXX cards of your deck. Select up to YYY cards and put it into your hand, discard the rest. Shuffle your deck.";"Look at top XXX cards of your deck. Select up to YYY cards and put it into your hand, discard the rest. Shuffle your deck.";""
"Looks like my deck still has room for improvement.";"Looks like my deck still has room for improvement.";""
"Looks like the heart of the cards chose me this time.";"Looks like the heart of the cards chose me this time.";""
"Looks like the heart of the cards chose you this time.";"Looks like the heart of the cards chose you this time.";""
"Lose";"Lose";""
"Losses";"Losses";""
"Low";"Low";""
"Lower rental costs";"Lower rental costs";""
"Lucadence";"Lucadence";""
"Lucadense";"Lucadence";""
"Lucandense";"Lucandense";""
"Lucinder";"Lucinder";""
"Luck was on your side today.";"Luck was on your side today.";""
"Lucky";"Lucky";""
"Lumie";"Lumie";""
"Lunight";"Lunight";""
"Lunight Figurine";"Lunight Figurine";""
"Lunight Statue";"Lunight Statue";""
"Luphire";"Luphire";""
"Lupup";"Lupup";""
"Lv";"Lv";""
"MY DIY";"MY DIY";""
"Mafia Works";"Mafia Works";""
"Mage";"Mage";""
"Magic";"Magic";""
"Magical Attacker";"Magical Attacker";""
"Magnetic";"Magnetic";""
"Magnetic Coil";"Magnetic Coil";""
"Magnetic Holder";"Magnetic Holder";""
"Magnoria";"Magnoria";""
"Maid";"Maid";""
"Main Menu";"Main Menu";""
"Main Phase";"Main Phase";""
"Mammotree";"Mammotree";""
"Man Counter";"Man Counter";""
"Man the cashier by standing behind counter and interact it";"Man the cashier by standing behind counter and interact it";""
"Man, XXX sure is expensive!";"Man, XXX sure is expensive!";""
"Man, this is expensive!";"Man, this is expensive!";""
"Manage";"Manage";""
"Manage Event";"Manage Event";""
"Manning Counter";"Manning Counter";""
"March";"March";""
"Market Fee";"Market Fee";""
"Market Fee :";"Market Fee : ";""
"Market Price";"Market Price";""
"Marketing";"Marketing";""
"Master Arena";"Master Arena";""
"Match";"Match";""
"Match Win";"Match Win";""
"Mauler Mace";"Mauler Mace";""
"Max";"Max";""
"Max card limit reached";"Max card limit reached";""
"May";"May";""
"Maybe if I have enough money.";"Maybe if I have enough money.";""
"Maybe next time try reading your cards first.";"Maybe next time try reading your cards first.";""
"Medium";"Medium";""
"Medium Shelf";"Medium Shelf";""
"Medium Table";"Medium Table";""
"Megabot";"Megabot";""
"Megabot Card Collector";"Megabot Card Collector";""
"Megabot Pack";"Megabot Pack";""
"Megamite Statue";"Megamite Statue";""
"Meganite";"Meganite";""
"Meganite Figurine";"Meganite Figurine";""
"Meganite Statue";"Meganite Statue";""
"Meganite Statue Upgrade";"Meganite Statue Upgrade";""
"Megavolt Beam";"Megavolt Beam";""
"Meh, another meta deck. How original.";"Meh, another meta deck. How original.";""
"Mimic";"Mimic";""
"Min";"Min";""
"Mini Missile";"Mini Missile";""
"Minimum Card To Remain";"Minimum Card To Remain";""
"Minimum Price";"Minimum Price";""
"Minotaur";"Minotaur";""
"Minotos";"Minotos";""
"Minstar";"Minstar";""
"Minstar Plushie";"Minstar Plushie";""
"Minstar Statue";"Minstar Statue";""
"Minus";"Minus";""
"Minute";"Minute";""
"Minutes";"Minutes";""
"Missile Cannon";"Missile Cannon";""
"Money";"Money";""
"Moonlight Blade";"Moonlight Blade";""
"More Games";"More Games";""
"More Info";"More Info";""
"Morning Star";"Morning Star";""
"Mortar";"Mortar";""
"Moskit";"Moskit";""
"Most Trusted Grading Service";"Most Trusted Grading Service";""
"Most generous, boss. I'll consider this a tribute to my impeccable work.";"Most generous, boss. I'll consider this a tribute to my impeccable work.";""
"Mothini";"Mothini";""
"Mouse Sensitivity";"Tracking Sensitivity";""
"Move";"Move";""
"Move Backward";"Move Backward";""
"Move Forward";"Move Forward";""
"Move Left";"Move Left";""
"Move Right";"Move Right";""
"Move Shelf";"Move Shelf";""
"Muffleur";"Muffleur";""
"Mufflimax";"Mufflimax";""
"Mufflin";"Mufflin";""
"Mulligan";"Mulligan";""
"Mulligan or keep current hand?";"Mulligan or keep current hand?";""
"Mummog";"Mummog";""
"Mushroom Monster";"Mushroom Monster";""
"Music";"Music";""
"Musician";"Musician";""
"My little brother said this is the best place to work. I will be a great help, trust me!";"My little brother said this is the best place to work. I will be a great help, trust me!";""
"My work standard is quite high, and my skills will be quite invaluable, I assure you.";"My work standard is quite high, and my skills will be quite invaluable, I assure you.";""
"NEW";"NEW";""
"NOTE";"Note";""
"Name";"Name";""
"Name :";"Name :";""
"Name can't be empty";"Name can't be empty";""
"Name is not available";"Name is not available";""
"Name is too short";"Name is too short";""
"Nanomite";"Nanomite";""
"Nanomite Plushie";"Nanomite Plushie";""
"Nanomite Statue";"Nanomite Statue";""
"Nearby Stores Charge";"Nearby Stores Charge";""
"Necromansters";"Necromansters";""
"Need 5 of the same item";"Need 5 of the same item";""
"Need to copy deck first";"Need to copy deck first";""
"Need to setup prizes first";"Need to setup prizes first";""
"Need work. Me strong, I carry stuff for you yes?";"Need work. Me strong, I carry stuff for you yes?";""
"Negate XXX of opponent's earth element damage next turn, draw YYY";"Negate XXX% of opponent's earth element damage next turn, draw YYY";""
"Negate XXX of opponent's fire element damage next turn, draw YYY";"Negate XXX% of opponent's fire element damage next turn, draw YYY";""
"Negate XXX of opponent's water element damage next turn, draw YYY";"Negate XXX% of opponent's water element damage next turn, draw YYY";""
"Negate XXX of opponent's wind element damage next turn, draw YYY";"Negate XXX% of opponent's wind element damage next turn, draw YYY";""
"Never underestimate my deck!";"Never underestimate my deck!";""
"New Furniture Available";"New Furniture Available ";""
"New Game";"New Game";""
"New License Available";"New License Available ";""
"New Room Available";"New Room Available";""
"New Shop Expansion Available";"New Shop Expansion Available";""
"New Submission";"New Submission";""
"New Worker Available";"New Worker Available";""
"Next";"Next";""
"Next 10 Page";"Next 10 Page";""
"Next Customer:";"Next Customer:";""
"Next Day";"Next Day";""
"Next Game Event";"Next Game Event";""
"Next Goal";"Next Goal";""
"Next Page";"Next Page";""
"Nice duel, let's battle again sometime!";"Nice duel, let's battle again sometime!";""
"Nice! I'll try not to spend it all on card packs this time.";"Nice! I'll try not to spend it all on card packs this time.";""
"Nimblis";"Nimblis";""
"Nimboculo";"Nimboculo";""
"Nimbustrike";"Nimbustrike";""
"No";"No";""
"No Photo";"No Photo";""
"No Refund No Exchange!";"No Refund No Exchange!";""
"No Snap";"No Snap";""
"No XXX here.";"No XXX here.";""
"No card available";"No card available";""
"No card pack in machine";"No card pack in machine";""
"No card selected";"No card selected";""
"No deco in inventory";"No deco in inventory";""
"No effect";"No effect";""
"No effect on card pack price.";"No effect on card pack price.";""
"No empty slot available";"No empty slot available";""
"No item on hand";"No item on hand";""
"No more slot to join";"No more slot to join";""
"No space to put the bulk box after bundling";"No space to put the bulk box after bundling";""
"No thanks";"No thanks";""
"No valid selection";"No valid selection";""
"No, Thank You";"No, Thank You";""
"Noble";"Noble";""
"Nocti";"Nocti";""
"Nocti Plushie";"Nocti Plushie";""
"Nocti Statue";"Nocti Statue";""
"None";"None";""
"Noooo!!! How did I lose!?";"Noooo!!! How did I lose!?";""
"Normal";"Normal";""
"Not Available Yet";"Not Available Yet";""
"Not Enough Money";"Not Enough Money";""
"Not Enough Stock";"Not Enough Stock";""
"Not For Sale";"Not For Sale";""
"Not Found";"Not Found";""
"Not Good";"Not Good";""
"Not a bad price really.";"Not a bad price really.";""
"Not a bad price, but I am broke.";"Not a bad price, but I am broke.";""
"Not enough card packs";"Not enough card packs";""
"Not enough card to paste deck";"Not enough card to paste deck";""
"Not enough cards to make into bundle";"Not enough cards to make into bundle";""
"Not enough change given";"Not enough change given";""
"Not enough customer played in shop";"Not enough customer played in shop";""
"Not enough item in inventory";"Not enough item in inventory";""
"Not enough money";"Not enough money";""
"Not enough shop level";"Not enough shop level";""
"Not even a card pack as reward?";"Not even a card pack as reward?";""
"Not fair! Hmph!!";"Not fair! Hmph!!";""
"Not more slot available";"No more slot available";""
"NotUsed/Aetheria";"Aetheria";""
"NotUsed/Aetheria RPG";"Aetheria RPG";""
"NotUsed/Aetheria RPG Pack";"Aetheria RPG Card Pack";""
"NotUsed/Alpha";"Alpha";""
"NotUsed/Ancient Hammer";"Ancient Hammer";""
"NotUsed/Arc Missile";"Arc Missile";""
"NotUsed/Arcade Claw";"Arcade Claw";""
"NotUsed/Arcade Machine";"Arcade Machine";""
"NotUsed/Archer";"Archer";""
"NotUsed/Architect";"Architect";""
"NotUsed/Armored Slime";"Armored Slime";""
"NotUsed/Artist";"Artist";""
"NotUsed/Astronaut";"Astronaut";""
"NotUsed/Axe";"Axe";""
"NotUsed/Axe Warrior";"Axe Warrior";""
"NotUsed/Barber";"Barber";""
"NotUsed/Barrage Missile";"Barrage Missile";""
"NotUsed/Barrage Missle";"Barrage Miss";""
"NotUsed/Barrel Hammer";"Barrel Hammer";""
"NotUsed/Bartender";"Bartender";""
"NotUsed/Battle";"Battle";""
"NotUsed/Battle Chip";"Battle Chip";""
"NotUsed/Beginner Player";"Beginner Player";""
"NotUsed/Beta";"Beta";""
"NotUsed/Blacksmith";"Blacksmith";""
"NotUsed/Blitz";"Blitz";""
"NotUsed/Bodybuilder";"Bodybuilder";""
"NotUsed/Bolt";"Bolt";""
"NotUsed/Bonsai";"Bonsai";""
"NotUsed/Bouncer";"Bouncer";""
"NotUsed/Boxing Glove";"Boxing Glove";""
"NotUsed/Bumblebee";"Bumblebee";""
"NotUsed/Capacity";"Capacity";""
"NotUsed/Capitalist";"Capitalist";""
"NotUsed/Casual";"Casual";""
"NotUsed/Casual Player";"Casual Player";""
"NotUsed/Cat Mage";"Cat Mage";""
"NotUsed/Cat Pirate";"Cat Pirate";""
"NotUsed/Cat Thief";"Cat Thief";""
"NotUsed/Chain Gun";"Chain Gun";""
"NotUsed/Chill Missile";"Chill Missile";""
"NotUsed/Collector";"Collector";""
"NotUsed/Composer";"Composer";""
"NotUsed/Connect";"Connect";""
"NotUsed/Connect Error";"Connect Error";""
"NotUsed/Connecting";"Connecting...";""
"NotUsed/Connection Problem";"Connection Problem";""
"NotUsed/Connection error";"Connection error";""
"NotUsed/Connoisseur";"Connoisseur";""
"NotUsed/Construction";"Construction";""
"NotUsed/Contains at least:";"Contains at least:";""
"NotUsed/Cook";"Cook";""
"NotUsed/Creator";"Creator";""
"NotUsed/Crescent Claw";"Crescent Claw";""
"NotUsed/Crescent Machete";"Crescent Machete";""
"NotUsed/Crimson Wheel";"Crimson Wheel";""
"NotUsed/Cryo Blaster";"Cryo Blaster";""
"NotUsed/Cyber";"Cyber";""
"NotUsed/Cyclops";"Cyclops";""
"NotUsed/Dark Knight";"Dark Knight";""
"NotUsed/Director";"Director";""
"NotUsed/Dragon";"Dragon";""
"NotUsed/Dragon Knight";"Dragon Knight";""
"NotUsed/Drill";"Drill";""
"NotUsed/Dual Missile";"Dual Missile";""
"NotUsed/Eldritch Creature";"Eldritch Creature";""
"NotUsed/Elec Broadsword";"Elec Broadsword";""
"NotUsed/Electric";"Electric";""
"NotUsed/Electric Chainsaw";"Electric Chainsaw";""
"NotUsed/Electric Spike";"Electric Spike";""
"NotUsed/Electrician";"Electrician";""
"NotUsed/Energy";"Energy";""
"NotUsed/Energy Shield";"Energy Shield";""
"NotUsed/Fan Blade";"Fan Blade";""
"NotUsed/Farmer";"Farmer";""
"NotUsed/Feather Blade";"Feather Blade";""
"NotUsed/Fencer";"Fencer";""
"NotUsed/Fire Axe";"Fire Axe";""
"NotUsed/Fire Broadsword";"Fire Broadsword";""
"NotUsed/Fire Katana";"Fire Katana";""
"NotUsed/Fire Rocket";"Fire Rocket";""
"NotUsed/Fire Shield";"Fire Shield";""
"NotUsed/Fire Twin Axe";"Fire Twin Axe";""
"NotUsed/Fireman";"Fireman";""
"NotUsed/Flamethrower";"Flamethrower";""
"NotUsed/Florist";"Florist";""
"NotUsed/Freeze Bomb";"Freeze Bomb";""
"NotUsed/Friend Challenge";"Friend Challenge";""
"NotUsed/Friend Invitation";"Friend Invitation";""
"NotUsed/Friend List";"Friend List";""
"NotUsed/Friend Username";"Friend Username";""
"NotUsed/Friend invitation received";"Friend invitation received";""
"NotUsed/Friend request sent";"Friend request sent";""
"NotUsed/Friends";"Friends";""
"NotUsed/Gamer";"Gamer";""
"NotUsed/Gamma";"Gamma";""
"NotUsed/Garuda";"Garuda";""
"NotUsed/Geologist";"Geologist";""
"NotUsed/Giga Blade";"Giga Blade";""
"NotUsed/Giga Bundle";"Giga Bundle";""
"NotUsed/Giga Cannon";"Giga Cannon";""
"NotUsed/Goblin Mage";"Goblin Mage";""
"NotUsed/Goblin Thief";"Goblin Thief";""
"NotUsed/Goblin Warrior";"Goblin Warrior";""
"NotUsed/Golem";"Golem";""
"NotUsed/Grandma";"Grandma";""
"NotUsed/Handyman";"Handyman";""
"NotUsed/Hangar";"Hangar";""
"NotUsed/Harpy";"Harpy";""
"NotUsed/Hawk";"Hawk";""
"NotUsed/Heat Knife";"Heat Knife";""
"NotUsed/Heat Missile";"Heat Missile";""
"NotUsed/Hiker";"Hiker";""
"NotUsed/Ice Broadsword";"Ice Broadsword";""
"NotUsed/Ice Mortar";"Ice Mortar";""
"NotUsed/Ice Pike";"Ice Pike";""
"NotUsed/Ice Spinner";"Ice Spinner";""
"NotUsed/Ice Twin Spear";"Ice Twin Spear";""
"NotUsed/Inferno Boost";"Inferno Boost";""
"NotUsed/Influencer";"Influencer";""
"NotUsed/Ink Knight";"Ink Knight";""
"NotUsed/Investor";"Investor";""
"NotUsed/Iron Ball";"Iron Ball";""
"NotUsed/Janitor";"Janitor";""
"NotUsed/Jester";"Jester";""
"NotUsed/Jet Burner";"Jet Burner";""
"NotUsed/Kabuto";"Kabuto";""
"NotUsed/Katana";"Katana";""
"NotUsed/Katana Display";"Katana Display";""
"NotUsed/Knight";"Knight";""
"NotUsed/Knight Shield";"Knight Shield";""
"NotUsed/Knight Sword";"Knight Sword";""
"NotUsed/Laundry";"Laundry";""
"NotUsed/Lawyer";"Lawyer";""
"NotUsed/Librarian";"Librarian";""
"NotUsed/Light Saber";"Light Saber";""
"NotUsed/Lion Shield";"Lion Shield";""
"NotUsed/Magnetic Coil";"Magnetic Coil";""
"NotUsed/Maid";"Maid";""
"NotUsed/Master Arena";"Master Arena";""
"NotUsed/Mauler Mace";"Mauler Mace";""
"NotUsed/Megabot";"Megabot";""
"NotUsed/Megabot Card Collector";"Megabot Card Collector";""
"NotUsed/Megabot Pack";"Megabot Pack";""
"NotUsed/Megavolt Beam";"Megavolt Beam";""
"NotUsed/Mimic";"Mimic";""
"NotUsed/Mini Missile";"Mini Missile";""
"NotUsed/Minotaur";"Minotaur";""
"NotUsed/Missile Cannon";"Missile Cannon";""
"NotUsed/Moonlight Blade";"Moonlight Blade";""
"NotUsed/Morning Star";"Morning Star";""
"NotUsed/Mortar";"Mortar";""
"NotUsed/Mushroom Monster";"Mushroom Monster";""
"NotUsed/Musician";"Musician";""
"NotUsed/Noble";"Noble";""
"NotUsed/Orca";"Orca";""
"NotUsed/Peasant";"Peasant";""
"NotUsed/Phoenix";"Phoenix";""
"NotUsed/Photographer";"Photographer";""
"NotUsed/Pirate";"Pirate";""
"NotUsed/Plumber";"Plumber";""
"NotUsed/Police";"Police";""
"NotUsed/Popular Shop";"Popular Shop";""
"NotUsed/Programmer";"Programmer";""
"NotUsed/Psychic";"Psychic";""
"NotUsed/Pulse Cannon";"Pulse Cannon";""
"NotUsed/Racer";"Racer";""
"NotUsed/Rail Cannon";"Rail Cannon";""
"NotUsed/Ravager";"Ravage";""
"NotUsed/Reaper";"Reaper";""
"NotUsed/Rocket Missile";"Rocket Missile";""
"NotUsed/Roller Spike";"Roller Spike";""
"NotUsed/Ronin";"Ronin";""
"NotUsed/Round Leaf Plant";"Round Leaf Plant";""
"NotUsed/School Boy";"School Boy";""
"NotUsed/Scout";"Scout";""
"NotUsed/Shuriken Blade";"Shuriken Blade";""
"NotUsed/Singer";"Singer";""
"NotUsed/Snack Machine";"Snack Machine";""
"NotUsed/Snake";"Snake";""
"NotUsed/Soldier";"Soldier";""
"NotUsed/Sonic Blaster";"Sonic Blaster";""
"NotUsed/Spectre";"Spectre";""
"NotUsed/Spike Ball";"Spike Ball";""
"NotUsed/Spiked Warhammer";"Spiked Warhammer";""
"NotUsed/Spirit";"Spirit";""
"NotUsed/Stone Lantern";"Stone Lantern";""
"NotUsed/Super Bundle";"Super Bundle";""
"NotUsed/Super Collector";"Super Collector";""
"NotUsed/Super Rare";"Super Rare";""
"NotUsed/Sword";"Sword";""
"NotUsed/Teacher";"Teacher";""
"NotUsed/Trailer";"Trailer";""
"NotUsed/Trainer";"Trainer";""
"NotUsed/Traveller";"Traveller";""
"NotUsed/Tree Monster";"Tree Monster";""
"NotUsed/Tremor";"Tremor";""
"NotUsed/Trolley";"Trolley";""
"NotUsed/Ultimate Collector";"Ultimate Collector";""
"NotUsed/Ultimate Shopkeeper";"Ultimate Shopkeeper";""
"NotUsed/Ultra Rare";"Ultra Rare";""
"NotUsed/Underground Dark";"Underground Dark";""
"NotUsed/Underground Light";"Underground Light";""
"NotUsed/Unlock All Shelves In Previous Room First";"Unlock All Shelves In Previous Room First";""
"NotUsed/Update Now";"Update Now";""
"NotUsed/Update Required";"Update Required";""
"NotUsed/Updates Available";"Updates Available";""
"NotUsed/Vampire";"Vampire";""
"NotUsed/Viper";"Viper";""
"NotUsed/Whisker Workforce";"Whisker Workforce";""
"NotUsed/Whisker Workforce Pack";"Whisker Workforce Pack";""
"NotUsed/Wing Booster";"Wing Booster";""
"NotUsed/Witch";"Witch";""
"NotUsed/Wizard";"Wizard";""
"NotUsed/Wolf";"Wolf";""
"NotUsed/Woodworker";"Woodworker";""
"Notification";"Notification";""
"November";"November";""
"Now Loading";"Now Loading";""
"Now Loading...";"Now Loading...";""
"Number";"Number";""
"Não tenho muita experiência mas estou disposto a aprender e fazer qualquer coisa. Por favor me contrate pois preciso de dinheiro para pagar a escola de arte.";"Huge Personal Shelf";""
"OMW";"OMW";""
"OOMW";"OOMW";""
"OPEN";"Open";""
"OPEN NOW";"Open Now";""
"October";"October";""
"Offering";"Offering";""
"Omg this place stinks!";"Omg this place stinks!";""
"On Shelf :";"On Shelf :";""
"Only 4 card duplicates allowed";"Only 4 card duplicates allowed";""
"Oof, no way I can win this.";"Oof, no way I can win this.";""
"Open";"Open";""
"Open Album";"Open Album";""
"Open Box";"Open Box";""
"Open Card Box";"Open Card Box";""
"Open Now";"Open Now";""
"Open Pack";"Open Pack";""
"Open Phone";"Open Phone";""
"Open Phone and stock up on card packs.";"Open Phone";""
"Open XXX YYY";"Open XXX YYY";""
"Open phone and stock up on card packs.";"Open phone and stock up on card packs.";""
"Open up the packaging box and put items on shelf.";"Open up the packaging box and put items on shelf.";""
"Opening card shop...";"Opening card shop...";""
"Oponnent discard XXX card, then destroy a field card at random";"Opponent discard XXX card, then destroy a field card at random";""
"Opponent cannot evolve for XXX turn";"Opponent cannot evolve for XXX turn";""
"Opponent cannot evolve for XXX turn, draw YYY";"Opponent cannot evolve for XXX turn, draw YYY";""
"Opponent cannot evolve next turn";"Opponent cannot evolve next turn";""
"Opponent cannot evolve next turn, draw YYY";"Opponent cannot evolve next turn, draw YYY";""
"Opponent discard XXX card";"Opponent discard XXX card";""
"Opponent discard XXX card at random";"Opponent discard XXX card at random";""
"Opponent discard XXX card at random, then draw YYY card";"Opponent discard XXX card at random, then draw YYY card";""
"Opponent discard XXX cards at random, draw YYY";"Opponent discard XXX cards at random, draw YYY";""
"Orange";"Orange";""
"Orca";"Orca";""
"Order Online FREE Delivery";"Order Online FREE Delivery";""
"Order Summary";"Order Summary";""
"Ordering :";"Ordering :";""
"Others";"Others";""
"Outline";"Outline";""
"Overwrite current save file?";"Overwrite current save file?";""
"Owed Amount";"Owed Amount";""
"Owned";"Owned";""
"PLAY AREA";"PLAY AREA";""
"Pack Machine";"Pack Machine";""
"Pack Machine L";"Pack Opener Machine L";""
"Pack Machine M";"Pack Opener Machine M";""
"Pack Machine S";"Pack Opener Machine S";""
"Page";"Page";""
"Participants :";"Participants :";""
"Passionate";"Passionate";""
"Past Result";"Past Result";""
"Paste";"Paste";""
"Pat Head";"Pat Head";""
"Pauper";"Pauper";""
"Pause";"Pause";""
"Pause Game";"Pause Game";""
"Pay";"Pay";""
"Pay All";"Pay All";""
"Pay Bills";"Pay Bills";""
"Pay Tomorrow";"Pay Tomorrow";""
"Peasant";"Peasant";""
"Penny Sleeves";"Penny Sleeves";""
"Pet Head";"Pat Head";""
"Phoenix";"Phoenix";""
"Photo Gallery";"Photo Gallery";""
"Photographer";"Photographer";""
"Pick up the packages that arrived in front of the shop";"Pick up the packages that arrived in front of the shop";""
"PickyEater";"Picky Eater";""
"Pigni";"Pigni";""
"Pigni Plushie";"Pigni Plushie";""
"Pigni Statue";"Pigni Statue";""
"Pirate";"Pirate";""
"Pixy";"Pixy";""
"Place";"Place";""
"Place Item";"Place Item";""
"Plant YYY";"Plant YYY";""
"Play Effect";"Play Effect";""
"Play Hour";"Play Hour";""
"Play TCG";"Play TCG";""
"Play Table";"Play Table";""
"Played Game";"Played Game";""
"Played In Shop";"Played In Shop";""
"Playful";"Playful";""
"Playmat";"Playmat";""
"Playmat (Clamigo)";"Playmat (Clamigo)";""
"Playmat (Dracunix)";"Playmat (Dracunix)";""
"Playmat (Drakon)";"Playmat (Drakon)";""
"Playmat (Drilceros)";"Playmat (Drilceros)";""
"Playmat (Duel)";"Playmat (Duel)";""
"Playmat (Earth)";"Playmat (Earth)";""
"Playmat (Fire)";"Playmat (Fire)";""
"Playmat (GigatronX Evo)";"Playmat (GigatronX Evo)";""
"Playmat (GigatronX)";"Playmat (GigatronX)";""
"Playmat (Katengu Black)";"Playmat (Katengu Black)";""
"Playmat (Katengu White)";"Playmat (Katengu White)";""
"Playmat (Kyrone)";"Playmat (Kyrone)";""
"Playmat (Lunight)";"Playmat (Lunight)";""
"Playmat (Tetramon)";"Playmat (Tetramon)";""
"Playmat (The Four Dragons)";"Playmat (The Four Dragons)";""
"Playmat (Water)";"Playmat (Water)";""
"Playmat (Wind)";"Playmat (Wind)";""
"Playmat (Wispo)";"Playmat (Wispo)";""
"Playmat Gray";"Playmat Gray";""
"Playmat Green";"Playmat Green";""
"Playmat Purple";"Playmat Purple";""
"Playmat Yellow";"Playmat Yellow";""
"Please wait...";"Please wait...";""
"Plumber";"Plumber";""
"Pocket Pages";"Pocket Pages";""
"Police";"Police";""
"Popular Shop";"Popular Shop";""
"Poseia";"Poseia";""
"Poseidrake";"Poseidrake";""
"Poseigon";"Poseigon";""
"Possible Next Day Effect";"Possible Next Day Effect";""
"Posteed";"Posteed";""
"Poster";"Poster";""
"Poster XXX";"Poster XXX";""
"Poster YYY";"Poster YYY";""
"Posters & Art Prints";"Posters & Art Prints";""
"Potential Revenue :";"Potential Revenue :";""
"Potted Plant";"Potted Plant";""
"Power Up";"Power Up";""
"Premium";"Premium";""
"Premium Collection Book";"Premium Collection Book";""
"Preorder Here";"Preorder Here";""
"Preparing to Start";"Preparing to Start";""
"Press Any Key";"Press Any Key";""
"Press Enter to start next day";"Press Enter to start next day";""
"Press XXX to start next day";"Press XXX to start next day";""
"Press to start next day";"Press to start next day";""
"Previous 10 Page";"Previous 10 Page";""
"Previous Page";"Previous Page";""
"Price";"Price";""
"Price :";"Price :";""
"Price History";"Price History";""
"Price Up";"Price Up";""
"Primary Task";"Primary Task";""
"Primary Task:";"Primary Task:";""
"Princestar";"Princestar";""
"Princestar Figurine";"Princestar Figurine";""
"Princestar Statue";"Princestar Statue";""
"Prize";"Prize";""
"Prize Setup";"Prize Setup";""
"Prizes Worth";"Prizes Worth";""
"Pro Player";"Pro Player";""
"Processing";"Processing";""
"Processing Fee :";"Processing Fee :";""
"Product";"Product";""
"Profit";"Profit";""
"Programmer";"Programmer";""
"Psychic";"Psychic";""
"Pulse Cannon";"Pulse Cannon";""
"Pupazz";"Pupazz";""
"Purchase";"Purchase";""
"Purchase license to unlock this product";"Purchase license to unlock this product";""
"Purchased";"Purchased";""
"Purple";"Purple";""
"Put 10 cards on Card Shelf, set the price to sell them";"Put 10 cards on Card Shelf, set the price to sell them";""
"Put Card";"Put Card";""
"Put Item";"Put Item";""
"Put items on shelf to sell them to your customers. Store up to 12 types of item. Each compartment has volume of 64.";"Put items on shelf to sell them to your customers. Store up to 12 types of item. Each compartment has volume of 64.";""
"Put items on shelf to sell them to your customers. Store up to 16 types of item. Each compartment has volume of 32.";"Put items on shelf to sell them to your customers. Store up to 16 types of item. Each compartment has volume of 32.
";""
"Put items on shelf to sell them to your customers. Store up to 24 types of item. Each compartment has volume of 20.";"Put items on shelf to sell them to your customers. Store up to 24 types of item. Each compartment has volume of 20.";""
"Put items on shelf to sell them to your customers. Store up to 3 types of item. Each compartment has volume of 40.";"Put items on shelf to sell them to your customers. Store up to 3 types of item. Each compartment has volume of 40.";""
"Put items on shelf to sell them to your customers. Store up to 3 types of item. Each compartment has volume of 48.";"Put items on shelf to sell them to your customers. Store up to 3 types of item. Each compartment has volume of 48.";""
"Put items on shelf to sell them to your customers. Store up to 4 types of item. Each compartment has volume of 144.";"Put items on shelf to sell them to your customers. Store up to 4 types of item. Each compartment has volume of 144.";""
"Put items on shelf to sell them to your customers. Store up to 4 types of item. Each compartment has volume of 48.";"Put items on shelf to sell them to your customers. Store up to 4 types of item. Each compartment has volume of 48.";""
"Put items on shelf to sell them to your customers. Store up to 5 types of item. Each compartment has volume of 32.";"Put items on shelf to sell them to your customers. Store up to 5 types of item. Each compartment has volume of 32.";""
"Put items on shelf to sell them to your customers. Store up to 6 types of item. Each compartment has volume of 32.";"Put items on shelf to sell them to your customers. Store up to 6 types of item. Each compartment has volume of 32.
";""
"Put items on shelf to sell them to your customers. Store up to 8 types of item. Each compartment has volume of 64.";"Put items on shelf to sell them to your customers. Store up to 8 types of item. Each compartment has volume of 64.";""
"Put items on shelf to sell them to your customers. Store up to 8 types of item. Each compartment has volume of 96 or 144.";"Put items on shelf to sell them to your customers. Store up to 8 types of item. Each compartment has volume of 96 or 144.";""
"Put items on shelf to store your stocks. Store up to 8 types of item. Each compartment has volume of 64.";"Put items on shelf to store your stocks. Store up to 8 types of item. Each compartment has volume of 64.";""
"Put packaging box on shelf to store your stocks. Store up to 4 types of item. Each compartment has volume of 64.";"Put packaging box on shelf to store your stocks. Store up to 4 types of item. Each compartment has volume of 64.";""
"Put packaging box on shelf to store your stocks. Store up to 8 types of item. Each compartment has volume of 64.";"Put packaging box on shelf to store your stocks. Store up to 8 types of item. Each compartment has volume of 64.
";""
"Put up to 10000 card for customers to take cards for free and make them happy.";"Put up to 10000 card for customers to take cards for free and make them happy.";""
"Put up to 10000 cards for customers to take for free and make them happy!";"Put up to 10000 cards for customers to take for free and make them happy!";""
"Put up to 10000 cards for workers to take and display them for sale.";"Put up to 10000 cards for workers to take and display them for sale.";""
"Put your card collection on this shelf for display. This shelf has 15 card slots.";"Put your card collection on this shelf for display. This shelf has 15 card slots.";""
"Put your card collection on this shelf for display. This shelf has 20 card slots.";"Put your card collection on this shelf for display. This shelf has 20 card slots.";""
"Put your card collection on this shelf for display. This shelf has 36 card slots.";"Put your card collection on this shelf for display. This shelf has 36 card slots.";""
"Put your card collection on this shelf for display. This shelf has 4 card slots.";"Put your card collection on this shelf for display. This shelf has 4 card slots.";""
"Put your card collection on this shelf for display. This shelf has 6 card slots.";"Put your card collection on this shelf for display. This shelf has 6 card slots.";""
"Put your card collection on this shelf for display. This shelf has 8 card slots.";"Put your card collection on this shelf for display. This shelf has 8 card slots.";""
"Put your card collection on this shelf to sell it to customers. This shelf has 10 card slots.";"Put your card collection on this shelf to sell it to customers. This shelf has 10 card slots.";""
"Put your card collection on this table for display. This table has 10 card slots.";"Put your card collection on this table for display. This table has 10 card slots.";""
"Put your card collection on this table to sell it to customers. This table has 10 card slots.";"Put your card collection on this table to sell it to customers. This table has 10 card slots.";""
"Put your card collection on this table to sell it to customers. This table has 12 card slots.";"Put your card collection on this table to sell it to customers. This table has 12 card slots.";""
"Putting a card in the device will magnify it on the digital screen.";"Putting a card in the device will magnify it on the digital screen.";""
"Pyropeck";"Pyropeck";""
"Qty";"Qty";""
"Quality Preset";"Quality Preset";""
"Quantity";"Quantity";""
"Queen";"Queen";""
"Quick Fill";"Quick Fill";""
"Quick Select";"Quick Select";""
"Quit";"Quit";""
"Quit Game";"Quit Game";""
"REGISTER NOW";"REGISTER NOW";""
"RENO BIGG";"RENO BIGG";""
"RETAIL SHOP RENOVATION";"RETAIL SHOP RENOVATION";""
"RULEBOOK";"RULEBOOK";""
"Racer";"Racer";""
"Rail Cannon";"Rail Cannon";""
"Raizon";"Raizon";""
"Random rarity pack and card price might XXX";"Random rarity pack and card price might XXX";""
"Randomize";"Randomize";""
"Randomly selects 100 low value cards from album and bundle them to a bulk card box";"Randomly selects 100 low value cards from album and bundle them to a bulk card box";""
"Randomly swap XXX of opponent's field card";"Randomly swap XXX of opponent's field card";""
"Rank";"Rank";""
"Ranking";"Ranking";""
"Rare";"Rare";""
"Rare Card Box";"Rare Card Box";""
"Rare Card Pack";"Rare Card Pack";""
"Rare Destiny Box";"Rare Destiny Box";""
"Rare Destiny Pack";"Rare Destiny Pack";""
"Rare Foil Pack";"Rare Foil Pack";""
"Rare pack and card price might XXX";"Rare pack and card price might XXX";""
"Rare, Epic or Legendary pack and card price might XXX";"Rare, Epic or Legendary pack and card price might XXX";""
"Rarity";"Rarity";""
"Rarity To Select";"Rarity To Select";""
"Rate";"Rate";""
"Ravager";"Ravage";""
"Raxx";"Raxx";""
"Reach Shop level 2 to unlock more upgrades";"Reach Shop level 2 to unlock more upgrades";""
"Reach Shop level 3 to unlock more upgrades";"Reach Shop level 3 to unlock more upgrades";""
"Ready To Collect";"Ready To Collect";""
"Reaper";"Reaper";""
"Received";"Received";""
"Red";"Red";""
"Refill";"Refill";""
"Refill Scent";"Refill Scent";""
"Refill machine with Cleanser";"Refill machine with Cleanser";""
"Refuse";"Refuse";""
"Registered";"Registered";""
"Rematch";"Rematch";""
"Remove";"Remove";""
"Remove All";"Remove All";""
"Remove Label";"Remove Label";""
"Remove all Freeze Counter applied to you.";"Remove all Freeze Counter applied to you.";""
"Remove table number first";"Remove table number first";""
"Rename";"Rename";""
"Rent";"Rent";""
"Rent Bill";"Rent/Bill";""
"Rent is accumulated each day depending on the size of shop";"Rent is accumulated each day depending on the size of shop";""
"Report";"Report";""
"Requesting";"Requesting";""
"Required";"Required";""
"Requirement";"Requirement";""
"Research";"Research";""
"Reset";"Reset";""
"Reset All";"Reset All";""
"Reset Game";"Reset Game";""
"Resolution";"Resolution";""
"Rest";"Rest";""
"Restart";"Restart";""
"Resting";"Resting";""
"Restock";"Restock";""
"Restock Card";"Restock Card";""
"Restock Shelf";"Restock Shelf";""
"Restock Speed :";"Restock Speed :";""
"Restock Speed:";"Restock Speed:";""
"Restock Time";"Restock Time";""
"Restock Time :";"Restock Time :";""
"Restocking";"Restocking";""
"Resume";"Resume";""
"Revenue";"Revenue";""
"Reviews";"Reviews";""
"Reward";"Reward";""
"Reward not unlocked yet";"Reward not unlocked yet";""
"Rhino";"Rhino";""
"Ridiculous. XXX bucks for this!?";"Ridiculous. XXX bucks for this!?";""
"Ridiculous. XXX bucks!?";"Ridiculous. XXX bucks!?";""
"Right";"Right";""
"Roadmap/-Can sell old shelf";"-Can sell old shelf";""
"Roadmap/-Cloud save & achievement";"-Cloud save & achievement";""
"Roadmap/-Collecting card will give you 1 pts for every 10 fame on the card";"-Collecting card will give you 1 pts for every 10 fame on the card";""
"Roadmap/-Collecting cards will give points";"-Collecting cards will give points";""
"Roadmap/-Controller support & keybind";"-Controller support & keybind";""
"Roadmap/-Customer review app";"-Customer review app";""
"Roadmap/-Customer trade cards";"-Customer trade cards";""
"Roadmap/-Difficulty mode";"-Difficulty mode";""
"Roadmap/-Each shop upgrade will give 10 pts";"-Each shop upgrade will give 10 pts";""
"Roadmap/-Every 100 customer purchase made give 1 point";"-Every 100 customer purchase made give 1 point";""
"Roadmap/-Every 100 customer visit give 1 point";"-Every 100 customer visit give 1 point";""
"Roadmap/-Grading card";"-Grading card";""
"Roadmap/-Hire worker for automation";"-Hire worker for automation";""
"Roadmap/-Host game able to edt format";"-Host game able to edt format";""
"Roadmap/-Item & card price change daily";"-Item & card price change daily";""
"Roadmap/-More TCG types";"-More TCG types";""
"Roadmap/-More shelf & table types";"-More shelf & table types";""
"Roadmap/-More shop product types";"-More shop product types";""
"Roadmap/-Opening card packs will give pts";"-Opening card packs will give pts";""
"Roadmap/-Organize tournament";"-Organize tournament";""
"Roadmap/-Playable TCG";"-Playable TCG";""
"Roadmap/-Random events may occur";"-Random events may occur";""
"Roadmap/-Rent and bill";"-Rent and bill";""
"Roadmap/-Selling item will give you 1 pts for every 100 item weight";"-Selling item will give you 1 pts for every 100 item weight";""
"Roadmap/-Shop decoration";"-Shop decoration";""
"Roadmap/-Unlocking and upgrading shelf, vehicle, or items will give points";"-Unlocking and upgrading shelf, vehicle, or items will give points";""
"Roadmap/-Unlocking shop room, unlocking and upgrading shelf will give pts";"-Unlocking shop room, unlocking and upgrading shelf will give pts";""
"Roadmap/-Warehouse room";"-Warehouse room";""
"Rocket Missile";"Rocket Missile";""
"Roll Left";"Roll Left";""
"Roll Right";"Roll Right";""
"Roller Spike";"Roller Spike";""
"Ronin";"Ronin";""
"Rotate";"Rotate";""
"Round";"Round";""
"Round Leaf Plant";"Round Leaf Plant";""
"Round Up";"Round Up";""
"Round XXX";"Round XXX";""
"Royalama";"Royalama";""
"Rubbish Bin";"Rubbish Bin";""
"Rulebook";"Rulebook";""
"Run";"Sprint";""
"SFX";"SFX";""
"Sad, you get nothing for winning.";"Sad, you get nothing for winning.";""
"Salary";"Salary";""
"Salary Cost :";"Salary Cost :";""
"Salary Cost:";"Salary Cost:";""
"Sales Outreach";"Sales Outreach";""
"Sales Report";"Sales Report";""
"Sapoling";"Sapoling";""
"Save";"Save";""
"Save Game";"Save Game";""
"Save Game Failed";"Save Game Failed";""
"Saving Game...";"Saving Game...";""
"Saving data to cloud";"Saving data to cloud";""
"Scan";"Scan";""
"Scanner";"Scanner";""
"Scarkgorus";"Scarkgorus";""
"Scarlios";"Scarlios";""
"School Boy";"School Boy";""
"Scout";"Scout";""
"Scroll";"Scroll";""
"Search";"Search";""
"Search your deck for Gannon or GigatronX, reveal it and put it into your hand. Then, shuffle your deck.";"Search your deck for Gannon or GigatronX, reveal it and put it into your hand. Then, shuffle your deck.";""
"Search your deck for Raxx or Gannon, reveal it and put it into your hand. Then, shuffle your deck.";"Search your deck for Raxx or Gannon, reveal it and put it into your hand. Then, shuffle your deck.";""
"Search your deck for Tetron or GigatronX, reveal it and put it into your hand. Then, shuffle your deck.";"Search your deck for Tetron or GigatronX, reveal it and put it into your hand. Then, shuffle your deck.";""
"Search your deck for XXX basic card, reveal it and put it into your hand. Then, shuffle your deck.";"Search your deck for XXX basic card, reveal it and put it into your hand. Then, shuffle your deck.";""
"Search your deck for XXX basic card, reveal it and put them into your hand. Then, shuffle your deck. Your opponent draws YYY card.";"Search your deck for XXX basic card, reveal it and put them into your hand. Then, shuffle your deck. Your opponent draws YYY card.";""
"Search your deck for XXX card, reveal it and put it into your hand. Then, shuffle your deck.";"Search your deck for XXX card, reveal it and put it into your hand. Then, shuffle your deck.";""
"Search your deck for XXX cards and put them into your hand. Then, shuffle your deck. Your opponent draws YYY card.";"Search your deck for XXX cards and put them into your hand. Then, shuffle your deck. Your opponent draws YYY card.";""
"Search your deck for XXX cards, shuffle your deck, then put those cards into your discard pile.";"Search your deck for XXX cards, shuffle your deck, then put those cards into your discard pile.";""
"Search your deck for XXX cards, shuffle your deck, then put those cards on top of your deck.";"Search your deck for XXX cards, shuffle your deck, then put those cards on top of your deck.";""
"Search your deck for XXX evolution card, reveal it and put it into your hand. Then, shuffle your deck.";"Search your deck for XXX evolution card, reveal it and put it into your hand. Then, shuffle your deck.";""
"Search your deck for XXX evolution card, reveal it and put them into your hand. Then, shuffle your deck. Your opponent draws YYY card.";"Search your deck for XXX evolution card, reveal it and put them into your hand. Then, shuffle your deck. Your opponent draws YYY card.";""
"Search your deck for XXX evolution cards, reveal them and put them into your hand. Then, shuffle your deck. Your opponent draws YYY card.";"Search your deck for XXX evolution cards, reveal them and put them into your hand. Then, shuffle your deck. Your opponent draws YYY card.";""
"Secondary Task";"Secondary Task";""
"Secondary Task:";"Secondary Task:";""
"Seedant";"Seedant";""
"Seems fair, but I don't have enough money.";"Seems fair, but I don't have enough money.";""
"Select";"Select";""
"Select Card To Sell";"Select Card To Sell";""
"Select Cards";"Select Cards";""
"Select Evolution card";"Select Evolution card";""
"Select Quantity";"Select Quantity";""
"Select Service";"Select Service";""
"Select XXX basic card from your discard pile and put it into your hand. Boost active elemental power of this card by the same elemental power of the selected card.";"Select XXX basic card from your discard pile and put it into your hand. Boost active elemental power of this card by the same elemental power of the selected card.";""
"Select XXX card";"Select XXX card";""
"Select XXX card from your discard pile and put it into your hand.";"Select XXX card from your discard pile and put it into your hand.";""
"Select XXX card to discard.";"Select XXX card to discard.";""
"Select XXX cards";"Select XXX cards";""
"Select XXX cards from your discard pile and boost active elemental power of this card by the same elemental power of the selected cards. Then, put them at the bottom of your deck.";"Select XXX cards from your discard pile and boost active elemental power of this card by the same elemental power of the selected cards. Then, put them at the bottom of your deck.";""
"Select XXX cards from your discard pile and put it into your hand. Then, discard YYY cards from your hand.";"Select XXX cards from your discard pile and put it into your hand. Then, discard YYY cards from your hand.";""
"Select XXX cards from your discard pile and put them into your hand.";"Select XXX cards from your discard pile and put them into your hand.";""
"Select XXX cards from your discard pile and put them on top of your deck in any order.";"Select XXX cards from your discard pile and put them on top of your deck in any order.";""
"Select XXX cards from your discard pile and put them on top of your deck. Then, shuffle your deck.";"Select XXX cards from your discard pile and put them on top of your deck. Then, shuffle your deck.";""
"Select XXX cards to discard.";"Select XXX cards to discard.";""
"Select XXXYYY card";"";""
"Select one of your opponent's Tetramon on the field, discard the top card.";"Select one of your opponent's Tetramon on the field, discard the top card.";""
"Select one of your opponent's Tetramon on the field, return it and all cards below it to your opponent's hand.";"Select one of your opponent's Tetramon on the field, return it and all cards below it to your opponent's hand.";""
"Select one of your opponent's Tetramon on the field, return it and all cards below it to your opponent's hand. If you have more than XXX cards in your discard pile, destroy it instead.";"Select one of your opponent's Tetramon on the field, return it and all cards below it to your opponent's hand. If you have more than XXX cards in your discard pile, destroy it instead.";""
"Select up to XXX card";"Select up to XXX card";""
"Select up to XXX card to discard.";"Select up to XXX card to discard.";""
"Select up to XXX cards";"Select up to XXX cards";""
"Select up to XXX cards to discard.";"Select up to XXX cards to discard.";""
"Select your target";"Select your target";""
"Sell";"Sell";""
"Sell 10 cards to customer";"Sell 10 cards to customer";""
"Sell All";"Sell All";""
"Sell Card";"Sell Card";""
"Sell Chance";"Sell Chance";""
"Sell Price";"Sell Price";""
"Sell XXX YYY";"Sell XXX YYY";""
"Selling Price";"Selling Price";""
"Send";"Send";""
"September";"September";""
"Set Fee";"Set Fee";""
"Set Game Format";"Set Game Format";""
"Set Price";"Set Price";""
"Set Shop Name";"Set Shop Name";""
"Set table number for the tournament players";"Set table number for the tournament players";""
"Set the item price higher than the market price to be profitable";"Set the item price higher than the market price to be profitable";""
"Setting";"Setting";""
"Settings";"Settings";""
"Setup";"Setup";""
"Share";"Share";""
"Sharfin";"Sharfin";""
"Shelf";"Shelf";""
"Shelf data not loaded correctly";"Shelf data not loaded correctly";""
"Shelf has no item on it";"Shelf has no item on it";""
"Shelf has no more space";"Shelf has no more space";""
"Shelf to store your personal items. Store up to 10 types of item. Each compartment has volume of 48.";"Shelf to store your personal items. Store up to 10 types of item. Each compartment has volume of 48.";""
"Shelf to store your personal items. Store up to 3 types of item. Each compartment has volume of 48.";"Shelf to store your personal items. Store up to 3 types of item. Each compartment has volume of 48.";""
"Shelf to store your personal items. Store up to 8 types of item. Each compartment has volume of 48.";"Shelf to store your personal items. Store up to 8 types of item. Each compartment has volume of 48.";""
"Shellow";"Shellow";""
"Shelves";"Shelves";""
"Shinny";"Shiny";""
"Shockwave";"Shockwave";""
"Shop";"Shop";""
"Shop A";"Shop A";""
"Shop B";"Shop B";""
"Shop Customization";"Shop Customization";""
"Shop Data";"Shop Data";""
"Shop Expansion";"Shop Expansion";""
"Shop Expansion 1";"Shop Expansion 1";""
"Shop Expansion 2";"Shop Expansion 2";""
"Shop Expansion 3";"Shop Expansion 3";""
"Shop Level";"Shop Level";""
"Shop Level Up";"Shop Level Up";""
"Shop Level XXX";"Shop Level XXX";""
"Shop Level XXX Required";"Shop Level XXX Required";""
"Shop Level:";"Shop Level:";""
"Shop Leveled Up";"Shop Leveled Up";""
"Shop Lot A";"Shop Lot A";""
"Shop Lot B";"Shop Lot B";""
"Shop Report";"Shop Report";""
"Shopping Cart";"Shopping Cart";""
"Should I also fill up shelf with no label?";"Should I also fill up shelf with no label?";""
"Should I fill up shelf with no label?";"Should I fill up shelf with no label?";""
"Show Hand";"Show Hand";""
"Show New Card";"Show New Card";""
"Shuffle your hand into your deck. Then, draw XXX cards from your deck.";"Shuffle your hand into your deck. Then, draw XXX cards from your deck.";""
"Shuffles your hand into your deck. Then, draw XXX cards from your deck.";"Shuffles your hand into your deck. Then, draw XXX cards from your deck.";""
"Shuriken Blade";"Shuriken Blade";""
"Silver Edition";"Silver Edition";""
"Silver Full Art";"Silver Full Art";""
"Silver Legacy";"Silver Legacy";""
"Singer";"Singer";""
"Single Sided Shelf";"Single Sided Shelf";""
"Size";"Size";""
"Skill";"Skill";""
"Skip";"Skip";""
"Skip All";"Skip All";""
"Skittish";"Skittish";""
"Skull";"Skull";""
"Slime";"Slime";""
"Slot 1";"Slot 1";""
"Slot 2";"Slot 2";""
"Slot 3";"Slot 3";""
"Slot Available";"Slot Available";""
"Slow";"Slow";""
"Sludgetox";"Sludgetox";""
"Sludglop";"Sludglop";""
"Small Cabinet";"Small Cabinet";""
"Small Card Display";"Small Card Display";""
"Small Metal Rack";"Small Metal Rack";""
"Small Metal Shelf";"Small Metal Shelf";""
"Small Personal Shelf";"Small Personal Shelf";""
"Small Rack";"Small Rack";""
"Small Shelf";"Small Shelf";""
"Small Table";"Small Table";""
"Small Warehouse Shelf";"Small Warehouse Shelf";""
"Snack Machine";"Snack Machine";""
"Snake";"Snake";""
"So close! One more turn and you might ve had me.";"So close! One more turn and you might’ve had me.";""
"So tempting, but I am broke.";"So tempting, but I am broke.";""
"Soldier";"Soldier";""
"Sonic Blaster";"Sonic Blaster";""
"Sort";"Sort";""
"Sort Album";"Sort Album";""
"Sort By";"Sort By";""
"Sound";"Sound";""
"Sound Effect";"Sound Effect";""
"Space";"Space";""
"Special Event";"Special Event";""
"Spectre";"Spectre";""
"Speed";"Speed";""
"Speed Up";"Speed Up";""
"Spend Limit";"Spend Limit";""
"Spike Ball";"Spike Ball";""
"Spiked Warhammer";"Spiked Warhammer";""
"Spirit";"Spirit";""
"Spray";"Spray";""
"Sprint";"Sprint";""
"Standard";"Standard";""
"Start";"Start";""
"Start Counter";"Start Counter";""
"Start Game";"Start Game";""
"Start Registration";"Start Registration";""
"Starving";"Starving";""
"Statue";"Statue";""
"Stock Boost";"Stock Boost";""
"Stock Order";"Stock Order";""
"Stock Scanner";"Stock Scanner";""
"Stone Lantern";"Stone Lantern";""
"Store Box";"Store Box";""
"Store Champion";"Store Champion";""
"Store Manager";"Store Manager";""
"Store Page";"Store Page";""
"Store or take empty packaging box here. Holds up to 200 empty packaging boxes.";"Store or take empty packaging box here. Holds up to 200 empty packaging boxes.";""
"Store the tournament's prize here. Store up to 8 cards and 8 types of item. Each compartment has volume of 32.";"Store the tournament's prize here. Store up to 8 cards and 8 types of item. Each compartment has volume of 32.";""
"Strength";"Strength";""
"Submission";"Submission";""
"Submit";"Submit";""
"Subtotal";"Subtotal";""
"Successfully complete 100 checkouts";"Successfully complete 100 checkouts";""
"Successfully complete 5 checkouts";"Successfully complete 5 checkouts";""
"Sunflork";"Sunflork";""
"Super Bundle";"Super Bundle";""
"Super Collector";"Super Collector";""
"Super Rare";"Super Rare";""
"Supply Cost";"Supply Cost";""
"Support";"Support";""
"Suspicious";"Suspicious";""
"Sweet victory, thanks man!";"Sweet victory, thanks man!";""
"Sweet! That'll cover my rent for the month!";"Sweet! That'll cover my rent for the month!";""
"Switch";"Switch";""
"Sword";"Sword";""
"System Gate #1";"System Gate #1";""
"System Gate 1";"System Gate #1";""
"System Gate 2";"System Gate #2";""
"TARGET";"Target";""
"TASK";"TASK";""
"TCG";"TCG";""
"TCG Price";"TCG Price";""
"Table";"Table";""
"Table Number";"Table Number";""
"Table Top";"Table Top";""
"Table layout here is confusing.";"Table layout here is confusing.";""
"Take Box";"Take Box";""
"Take Card";"Take Card";""
"Take Item";"Take Item";""
"Take Photo";"Take Photo";""
"Talonika";"Talonika";""
"Talonryu";"Talonryu";""
"Talontsu";"Talontsu";""
"Teacher";"Teacher";""
"Tempting, but I don't have enough money.";"Tempting, but I don't have enough money.";""
"Terminate";"Terminate";""
"Terms & Condition";"Terms & Condition";""
"Terradrakon";"Terradrakon";""
"Terrified";"Terrified";""
"Tetramon";"Tetramon";""
"Tetramon Ascension";"Tetramon Ascension";""
"Tetramon Base";"Tetramon Base";""
"Tetramon Card Collector";"Tetramon Card Collector";""
"Tetramon Destiny";"Tetramon Destiny";""
"Tetramon Destiny Bulk Box";"Tetramon Destiny Bulk Box";""
"Tetramon Duel Master";"Tetramon Duel Master";""
"Tetramon Ghost";"Tetramon Ghost";""
"Tetramon Shelf";"Tetramon Shelf";""
"Tetron";"Tetron";""
"Thank you!";"Thank you!";""
"Thanks boss! Time to level up my lifestyle.";"Thanks boss! Time to level up my lifestyle.";""
"That combo was sick, too bad it wasn't enough against my ultimate deck!";"That combo was sick, too bad it wasn't enough against my ultimate deck!";""
"That's fun! Here's a gift for playing with me!";"That's fun! Here's a gift for playing with me!";""
"That's it? I expected an actual challenge. Meh.";"That's it? I expected an actual challenge. Meh.";""
"The Champion";"The Champion";""
"The Plushies Are Real!?";"The Plushies Are Real!?";""
"The Real Authentication";"The Real Authentication";""
"The card has high value. Are you sure about throwing it away?";"The card has high value.
Are you sure about throwing it away?";""
"The door is blocked!!";"The door is blocked!!";""
"The game has already started";"The game has already started";""
"The next Play Effect will not trigger.";"The next Play Effect will not trigger.";""
"There are changes in the keybind setting. Would you like to apply the new keybind?";"There are changes in the keybind setting. Would you like to apply the new keybind?";""
"There are items in the box. Are you sure about throwing it away?";"There are items in the box. 
Are you sure about throwing it away?";""
"There's no one to play with";"There's no one to play with";""
"There's no prize for winning?";"There's no prize for winning?";""
"There's no prize on the shelf?";"There's no prize on the shelf?";""
"There's no table for me to play.";"There's no table for me to play.";""
"This card is way overpriced!";"This card is way overpriced!";""
"This cost XXX bucks!?";"This cost XXX bucks!?";""
"This is a scam!";"This is a scam!";""
"This is a steal, but I don't have enough money.";"This is a steal, but I don't have enough money.";""
"This is fine.";"This is fine.";""
"This is tempting!";"This is tempting!";""
"This is the cheapest I've seen, but I am broke.";"This is the cheapest I've seen, but I am broke.";""
"This is very tempting!";"This is very tempting!";""
"This machine only accept card packs";"This machine only accept card packs";""
"Thor Hammer";"Thor Hammer";""
"Threeze";"Threeze";""
"Thrifty";"Thrifty";""
"Throw";"Throw";""
"Throw anything in here to dispose of it.";"Throw anything in here to dispose of it.";""
"Thunder Twin Blade";"Thunder Twin Blade";""
"Thunderblade";"Thunderblade";""
"Timbro";"Timbro";""
"Time Left";"Time Left";""
"Time Remaining :";"Time Remaining :";""
"Time:";"Time:";""
"Tip";"Tip";""
"Today";"Today";""
"Too expensive to play...";"Too expensive to play...";""
"Too far to interact";"Too far to interact";""
"Too many boxes, clear some for new boxes to appear";"Too many boxes, clear some for new boxes to appear";""
"Too many items in cart";"Too many items in cart";""
"Too much change given";"Too much change given";""
"Tool Tip";"Tool Tip";""
"ToonZ Plushie";"ToonZ Plushie";""
"Top 8";"Top 8";""
"Top Player";"Top Player";""
"Toploader";"Toploader";""
"Tortugor";"Tortugor";""
"Total";"Total";""
"Total Amount Due :";"Total Amount Due : ";""
"Total Customer";"Total Customer";""
"Total Customer :";"Total Customer :";""
"Total Due";"Total Due";""
"Total Due :";"Total Due : ";""
"Total Earning";"Total Earning";""
"Total Item Sold";"Total Item Sold";""
"Total Shop Item :";"Total Shop Item :";""
"Total Value";"Total Value";""
"Total Visit";"Total Visit";""
"Total Wins";"Total Wins";""
"Total salary to be paid for all employee working in shop";"Total salary to be paid for all employee working in shop";""
"Tournament";"Tournament";""
"Tournament Hosting";"Tournament Hosting";""
"Tournament Match";"Tournament Match";""
"Tournament Prize Shelf";"Tournament Prize Shelf";""
"Tournament Prize Shelf required";"Tournament Prize Shelf required";""
"Tournament is in progress";"Tournament is in progress";""
"Tournament started but where is table XXX? Help!!";"Tournament started but where is table XXX? Help!!";""
"Tournament will start the next day once it's full";"Tournament will start the next day once it's full";""
"Tower Deckbox";"Tower Deckbox";""
"Toxigoop";"Toxigoop";""
"Toximuck";"Toximuck";""
"Toys and figurine might XXX price";"Toys and figurine might XXX price";""
"Trade";"Trade";""
"Trade Canceled";"Trade Canceled";""
"Trade Success";"Trade Success";""
"Trade Success!";"Trade Success!";""
"Trading";"Trading";""
"Trailer";"Trailer";""
"Trainer";"Trainer";""
"Trash";"Trash";""
"Trash Bin";"Trash Bin";""
"Traveller";"Traveller";""
"Tree Monster";"Tree Monster";""
"Tremor";"Tremor";""
"Trickstar";"Trickstar";""
"Trickstar Figurine";"Trickstar Figurine";""
"Trickstar Statue";"Trickstar Statue";""
"Trickstar Statue Upgrade";"Trickstar Statue Upgrade";""
"Trolley";"Trolley";""
"Trust";"Trust";""
"Trusting";"Trusting";""
"Try Again";"Try Again";""
"Turn Off";"Turn Off";""
"Turn On";"Turn On";""
"Twofrost";"Twofrost";""
"Type";"Type";""
"Type here...";"Type here...";""
"Ugh, I really hate losing.";"Ugh, I really hate losing.";""
"Ugh, the stench...";"Ugh, the stench...";""
"Ultimate Collector";"Ultimate Collector";""
"Ultimate Shopkeeper";"Ultimate Shopkeeper";""
"Ultra Rare";"Ultra Rare";""
"Uncommon";"Uncommon";""
"Underground Dark";"Underground Dark";""
"Underground Light";"Underground Light";""
"Undo";"Undo";""
"Ungraded";"Ungraded";""
"Unit";"Unit";""
"Unit Price";"Unit Price";""
"Unknown";"Unknown";""
"Unknown Error";"Unknown error";""
"Unlimited FPS";"Unlimited FPS";""
"Unlock";"Unlock";""
"Unlock All Shelves In Previous Room First";"Unlock All Shelves In Previous Room First";""
"Unlock Basic Card Box";"Unlock Basic Card Box";""
"Unlock Complete";"Unlock Complete";""
"Unlock Shop B";"Unlock Shop B";""
"Unlock YYY";"Unlock YYY";""
"Unlock previous shop expansion first";"Unlock previous shop expansion first";""
"Unlocked";"Unlocked";""
"Update";"Update";""
"Update Now";"Update Now";""
"Update Price By";"Update Price By";""
"Update Required";"Update Required";""
"Updates Available";"Updates Available";""
"Updating...";"Updating...";""
"Upgrade";"Upgrade";""
"Upgrade Cost";"Upgrade Cost";""
"Upgrading";"Upgrading";""
"Use";"Use";""
"Value";"Value";""
"ValueValue";"Value";""
"Vampicant";"Vampicant";""
"Vampicant Figurine";"Vampicant Figurine";""
"Vampicant Statue";"Vampicant Statue";""
"Vampire";"Vampire";""
"Very Fast";"Very Fast";""
"Very Slow";"Very Slow";""
"Victory";"Victory";""
"Victory is mine! Hahaha!!";"Victory is mine! Hahaha!!";""
"View";"View";""
"View Card";"View Card";""
"View Profile";"View Profile";""
"Vintage";"Vintage";""
"Vintage Card Table";"Vintage Card Table";""
"Viper";"Viper";""
"Visit Tetramon Discord server for more into.";"Visit Tetramon Discord server for more into.";""
"Vitality";"Vitality";""
"Voltrex";"Voltrex";""
"WINS";"WINS";""
"Wait for all card packs to be processed";"Wait for all card packs to be processed";""
"Wait for next round to begin";"Wait for next round to begin";""
"Wait, how do I get in!?";"Wait, how do I get in!?";""
"Wait, how do I get out!?";"Wait, how do I get out!?";""
"Wall";"Wall";""
"Wall Display Case";"Wall Display Case";""
"Wall YYY";"Wall YYY";""
"Warehouse Shelf";"Warehouse Shelf";""
"Warning";"Warning";""
"Water";"Water";""
"Water Battle Deck";"Water Battle Deck";""
"Water Cup";"Water Cup";""
"Water Destiny Deck";"Water Destiny Deck";""
"Water element deals XXX extra damage this turn";"Water element deals XXX extra damage this turn";""
"Water element deals double damage this turn";"Water element deals double damage this turn";""
"We Got Everything";"We Got Everything";""
"Well played, let's play again some other time.";"Well played, let's play again some other time.";""
"Werboo";"Werboo";""
"What a steal!";"What a steal!";""
"What am I playing for? There's no reward.";"What am I playing for? There's no reward.";""
"What is the task priority?";"What is the task priority?";""
"What's New";"What's New";""
"What's up boss?";"What's up boss?";""
"Where is XXX?";"Where is XXX?";""
"Where is table XXX!?";"Where is table XXX!?";""
"Where's my prize?";"Where's my prize?";""
"Where's the Tournament Prize Shelf?";"Where's the Tournament Prize Shelf?";""
"Whisker Workforce";"Whisker Workforce";""
"Whisker Workforce Pack";"Whisker Workforce Pack";""
"White";"White";""
"Why can't I get XXX in this shop!?";"Why can't I get XXX in this shop!?";""
"Wide Shelf";"Wide Shelf";""
"Win";"Win";""
"Win Condition";"Win Condition";""
"Wind";"Wind";""
"Wind Battle Deck";"Wind Battle Deck";""
"Wind Cup";"Wind Cup";""
"Wind Destiny Deck";"Wind Destiny Deck";""
"Wind element deals XXX extra damage this turn";"Wind element deals XXX extra damage this turn";""
"Wind element deals double damage this turn";"Wind element deals double damage this turn";""
"Wind element deals double damage this turn, but earth element deals no damage";"Wind element deals double damage this turn, but earth element deals no damage";""
"Wing Booster";"Wing Booster";""
"Wins";"Wins";""
"Wispo";"Wispo";""
"Witch";"Witch";""
"Wizard";"Wizard";""
"Wolf";"Wolf";""
"Wolgin";"Wolgin";""
"Woodworker";"Woodworker";""
"Workbench";"Workbench";""
"Worker Can Sell";"Worker Can Sell";""
"Workers level up their skills faster";"Workers level up their skills faster";""
"World Champion";"World Champion";""
"World Renowned";"World Renowned";""
"Would you like to quit game?";"Would you like to quit game?";""
"Wow so cheap!";"Wow so cheap!";""
"Wow thank you! I wasn't expecting this at all.";"Wow thank you! I wasn't expecting this at all.";""
"Wow this is the cheapest I've seen!";"Wow this is the cheapest I've seen!";""
"Wow, gotta take one of these.";"Wow, gotta take one of these.";""
"Wow, if only I have enough money.";"Wow, if only I have enough money.";""
"Wrong amount keyed in";"Wrong amount keyed in";""
"Wrong table number";"Wrong table number";""
"Wurmgle";"Wurmgle";""
"XXX Day";"XXX Day";""
"XXX Days";"XXX Days";""
"XXX Players";"XXX Players";""
"XXX Set YYY";"XXX Set YYY";""
"XXX Statue";"XXX Statue";""
"XXX bucks for this is fair.";"XXX bucks for this is fair.";""
"XXX customers visited the shop!";"XXX customers visited the shop!";""
"XXX is a little expensive, hmm...";"XXX is a little expensive, hmm...";""
"XXXth";"XXXth";""
"YES, I can eat like a king today. Thanks boss!";"YES, I can eat like a king today. Thanks boss!";""
"YOU LOSE";"YOU LOSE";""
"YOU WIN";"YOU WIN";""
"Yeah! Yoohooo!!";"Yeah! Yoohooo!!";""
"Yellow";"Yellow";""
"Yes";"Yes";""
"Yes, I Agree";"Yes, I Agree";""
"You Lose";"You Lose";""
"You Win!";"You Win!";""
"You earned that victory fair and square.";"You earned that victory fair and square.";""
"You fought well, I almost lost control of the match.";"You fought well, I almost lost control of the match.";""
"You fought well, good game!";"You fought well, good game!";""
"You get NOTHING!!";"You get NOTHING!!";""
"You lost before the match even started!";"You lost before the match even started!";""
"You may discard XXX card from your hand. If you do, boost active elemental power of this card by YYY this turn.";"You may discard XXX card from your hand. If you do, boost active elemental power of this card by YYY this turn.";""
"You may discard up to XXX cards, then draw that many cards from your deck.";"You may discard up to XXX cards, then draw that many cards from your deck.";""
"You may evolve Clawaken this turn if you have its evolution card. If you don't, search your deck for its evolution card, reveal it and put it into your hand. Then, shuffle your deck.";"You may evolve Clawaken this turn if you have its evolution card. If you don't, search your deck for its evolution card, reveal it and put it into your hand. Then, shuffle your deck.";""
"You may evolve Clawdos this turn if you have its evolution card. If you don't, search your deck for its evolution card, reveal it and put it into your hand. Then, shuffle your deck.";"You may evolve Clawdos this turn if you have its evolution card. If you don't, search your deck for its evolution card, reveal it and put it into your hand. Then, shuffle your deck.";""
"You may evolve Clawop this turn if you have its evolution card. If you don't, search your deck for its evolution card, reveal it and put it into your hand. Then, shuffle your deck.";"You may evolve Clawop this turn if you have its evolution card. If you don't, search your deck for its evolution card, reveal it and put it into your hand. Then, shuffle your deck.";""
"You may evolve this card on the turn it is played.";"You may evolve this card on the turn it is played.";""
"You may search your deck for Clawop, Clawdos or Clawaken, reveal it and put it into your hand. Then, shuffle your deck.";"You may search your deck for Clawop, Clawdos or Clawaken, reveal it and put it into your hand. Then, shuffle your deck.";""
"You played well, but I played better hehehe.";"You played well, but I played better hehehe.";""
"You really made me work for that win.";"You really made me work for that win.";""
"Your Offer";"Your Offer";""
"Your opponent discard XXX card from their hand for each Guardian card you've taken.";"Your opponent discard XXX card from their hand for each Guardian card you've taken.";""
"Your strategy was solid, but luck was on my side today.";"Your strategy was solid, but luck was on my side today.";""
"Zoom In";"Zoom In";""
"Zoom Out";"Zoom Out";""
"Zoomies";"Zoomies";""
"ago";"ago";""
"d";"d";""
"day";"day";""
"days";"days";""
"decrease";"decrease";""
"h";"h";""
"hour";"hour";""
"hours";"hours";""
"hr";"/hr";""
"increase";"increase";""
"min";"min";""
"minute";"minute";""
"minutes";"minutes";""
"month";"month";""
"months";"months";""
"s";"s";""
"second";"second";""
"seconds";"seconds";""
"year";"year";""
"years";"years";""
"달리다";"Sprint";""
"I'm an enthusiastic gamer who loves TCG. I'm eager to bring my expertise and positive energy to your shop!";"I'm an enthusiastic gamer who loves TCG. I'm eager to bring my expertise and positive energy to your shop! <3";""
"Ascension Card Box";"Ascension Card Box";""
"Automatically clears bad odour in the nearby area. Never needs refilling.";"Automatically clears bad odour in the nearby area. Never needs refilling.";""
"Card Table Blue";"Card Table Blue";""
"Card Table Green";"Card Table Green";""
"Controls";"Controls";""
"EarlyAccessWarning";"Please be aware that the game is still in development. As such, you may experience bugs, crashes, or other technical issues. Additionally, some platform-specific features may not function as expected or may be temporarily disabled.

Certain game features are still being fine-tuned and might not work as intended. You may also encounter performance issues or crashes during gameplay.

We cannot guarantee your progress and saves data be carried over to the full version of the game.

Thank you for your participation and support!";""
"Infinite Scent Machine";"Infinite Scent Machine";""
"Inverted Camera Y";"Inverted Camera Y";""
"KeybindChangesConfirmation";"There are changes to the control settings. Would you like to apply the new controls?";""
"Nintendo_HDRumble";"HD Rumble";""
"Nintendo_HDRumble2";"HD Rumble 2";""
"Nintendo_PressAnyButton";"Press Any Button";""
"Nintendo_StickSensitivity";"Stick sensitivity";""
"Pack Machine M Blue";"Pack Opener Machine M Blue";""
"Pack Machine M Green";"Pack Opener Machine M Green";""
"Play Table Blue";"Play Table Blue";""
"Play Table Green";"Play Table Green";""
"Playstation_AdaptiveTrigger";"Adaptive Triggers";""
"Playstation_Controller";"Controller";""
"Playstation_Lightbar";"Light Bar";""
"Playstation_Speaker";"Speaker";""
"Playstation_Vibration";"Vibration Function";""
"PresAnyButton";"Press Any Button";""
"StickSensitivity_Common";"Stick sensitivity";""
"StickSensitivity_Playstation4";"Stick sensitivity";""
"StickSensitivity_Playstation5";"Stick sensitivity";""
"StickSensitivity_Switch";"Stick sensitivity";""
"This save slot requires an add-on that is no longer owned. Purchase the add-on to continue, or start a new game to play without it.";"This save slot requires an <nobr>add-on</nobr> that is no longer owned. Purchase the <nobr>add-on</nobr> to continue, or start a new game to play without it.";""
"Xbox_PressAnyButton";"Press Any Button";""
"Xbox_StickSensitivity";"Stick sensitivity";""
"Xbox_Vibration";"Vibration";""
"You received $20000 for purchasing the Deluxe Edition!";"You received $20000 for purchasing the Deluxe Edition!";""
"You received $5000 for pre-ordering the game!";"You received $5000 for pre-ordering the game!";""
"You received a Workbench for purchasing the Deluxe Edition!";"You received a Workbench for purchasing the Deluxe Edition!";""
"You received an Ascension Pack Box (64 packs) for purchasing the Deluxe Edition!";"You received an Ascension Pack Box (64 packs) for purchasing the Deluxe Edition!";""
"PS4/This save slot requires an add-on that is no longer owned. Purchase the add-on to continue, or start a new game to play without it.";"This save slot requires an <nobr>add-on</nobr> that is no longer owned. Purchase the <nobr>add-on</nobr> to continue, or start a new game to play without it.";""
